OrderID,Date,CustomerID,CustomerName,Gender,Age,Region,State,City,Category,SubCategory,ProductID,ProductName,Brand,Quantity,UnitPrice,Discount,Cost,Sales,Profit,PaymentMethod,Segment,ShippingMode,DeliveryDays,Returned,Rating
ORD00001,2024-11-23,CUST1000,Customer 1,Male,52,North,Delhi,New Delhi,Electronics,Phone,P189,Phone Model,Nike,2,2028,0.05,1521.0,3853.2,811.2,UPI,Consumer,Standard,2,Yes,4.3
ORD00002,2024-01-14,CUST1001,Customer 2,Male,45,South,Tamil Nadu,Chennai,Groceries,Rice,P448,Rice Model,Samsung,4,2478,0.0,1858.5,9912.0,2478.0,UPI,Consumer,Express,1,Yes,4.1
ORD00003,2024-07-02,CUST1002,Customer 3,Female,23,East,West Bengal,Kolkata,Clothing,Shirt,P665,Shirt Model,Samsung,4,4592,0.0,3444.0,18368.0,4592.0,Cash,Home Office,Express,5,Yes,4.6
ORD00004,2024-01-24,CUST1003,Customer 4,Female,47,South,Tamil Nadu,Chennai,Clothing,Shirt,P750,Shirt Model,Samsung,2,1027,0.15,770.25,1745.9,205.4,UPI,Corporate,Express,2,No,4.6
ORD00005,2024-12-15,CUST1004,Customer 5,Female,58,North,Delhi,New Delhi,Furniture,Chair,P804,Chair Model,HP,2,3986,0.15,2989.5,6776.2,797.2,Cash,Corporate,Standard,2,Yes,4.7
ORD00006,2024-07-24,CUST1005,Customer 6,Female,43,East,West Bengal,Kolkata,Electronics,Laptop,P758,Laptop Model,Nike,5,2777,0.05,2082.75,13190.75,2777.0,UPI,Corporate,Standard,2,No,4.6
ORD00007,2024-08-07,CUST1006,Customer 7,Male,21,West,Maharashtra,Mumbai,Clothing,Shirt,P981,Shirt Model,Dell,2,4374,0.15,3280.5,7435.8,874.8,UPI,Home Office,Standard,7,No,4.4
ORD00008,2024-07-16,CUST1007,Customer 8,Female,59,West,Maharashtra,Mumbai,Groceries,Milk,P448,Milk Model,Dell,5,294,0.0,220.5,1470.0,367.5,Card,Corporate,Standard,4,Yes,4.9
ORD00009,2024-05-14,CUST1008,Customer 9,Female,28,South,Tamil Nadu,Chennai,Electronics,Phone,P652,Phone Model,Dell,5,1829,0.05,1371.75,8687.75,1829.0,Cash,Corporate,Express,1,Yes,4.9
ORD00010,2024-06-06,CUST1009,Customer 10,Female,22,South,Tamil Nadu,Chennai,Electronics,Laptop,P878,Laptop Model,HP,5,845,0.0,633.75,4225.0,1056.25,UPI,Home Office,Express,5,Yes,3.9
ORD00011,2024-11-06,CUST1010,Customer 11,Female,51,West,Maharashtra,Mumbai,Furniture,Chair,P562,Chair Model,Dell,3,3468,0.1,2601.0,9363.6,1560.6,UPI,Consumer,Standard,3,Yes,4.4
ORD00012,2024-04-27,CUST1011,Customer 12,Male,39,South,Tamil Nadu,Chennai,Electronics,Laptop,P172,Laptop Model,HP,1,2075,0.0,1556.25,2075.0,518.75,Card,Home Office,Express,2,Yes,4.6
ORD00013,2024-10-19,CUST1012,Customer 13,Male,60,West,Maharashtra,Mumbai,Furniture,Table,P541,Table Model,Samsung,4,1759,0.0,1319.25,7036.0,1759.0,Card,Corporate,Express,7,Yes,4.5
ORD00014,2024-11-26,CUST1013,Customer 14,Male,30,North,Delhi,New Delhi,Electronics,Phone,P649,Phone Model,Nike,3,1095,0.05,821.25,3120.75,657.0,UPI,Corporate,Standard,3,No,3.9
ORD00015,2024-02-08,CUST1014,Customer 15,Male,28,West,Maharashtra,Mumbai,Electronics,Laptop,P516,Laptop Model,Nike,5,320,0.0,240.0,1600.0,400.0,Card,Consumer,Express,1,Yes,4.1
ORD00016,2024-07-18,CUST1015,Customer 16,Male,30,East,West Bengal,Kolkata,Groceries,Milk,P403,Milk Model,HP,4,4752,0.15,3564.0,16156.8,1900.8,UPI,Home Office,Standard,6,No,3.6
ORD00017,2024-10-26,CUST1016,Customer 17,Male,56,West,Maharashtra,Mumbai,Furniture,Chair,P169,Chair Model,HP,5,856,0.05,642.0,4066.0,856.0,Card,Consumer,Standard,5,Yes,4.4
ORD00018,2024-08-02,CUST1017,Customer 18,Female,26,East,West Bengal,Kolkata,Clothing,Shirt,P787,Shirt Model,Samsung,3,2155,0.1,1616.25,5818.5,969.75,Card,Corporate,Standard,1,No,4.4
ORD00019,2024-10-15,CUST1018,Customer 19,Female,22,North,Delhi,New Delhi,Electronics,Laptop,P350,Laptop Model,Samsung,5,2372,0.05,1779.0,11267.0,2372.0,Card,Consumer,Express,7,No,4.4
ORD00020,2024-11-30,CUST1019,Customer 20,Male,53,North,Delhi,New Delhi,Clothing,Shirt,P259,Shirt Model,Samsung,2,2366,0.0,1774.5,4732.0,1183.0,Card,Home Office,Standard,6,No,3.8
ORD00021,2024-11-20,CUST1020,Customer 21,Female,20,East,West Bengal,Kolkata,Groceries,Milk,P103,Milk Model,Samsung,1,956,0.15,717.0,812.6,95.6,UPI,Home Office,Express,2,No,4.3
ORD00022,2024-08-06,CUST1021,Customer 22,Female,55,North,Delhi,New Delhi,Electronics,Laptop,P665,Laptop Model,HP,2,4669,0.0,3501.75,9338.0,2334.5,Card,Consumer,Standard,3,No,4.8
ORD00023,2024-01-21,CUST1022,Customer 23,Male,33,East,West Bengal,Kolkata,Furniture,Chair,P985,Chair Model,HP,1,3097,0.15,2322.75,2632.45,309.7,UPI,Corporate,Standard,2,No,4.7
ORD00024,2024-07-29,CUST1023,Customer 24,Female,32,South,Tamil Nadu,Chennai,Clothing,Shirt,P304,Shirt Model,Nike,1,3333,0.0,2499.75,3333.0,833.25,Card,Corporate,Standard,2,Yes,4.5
ORD00025,2024-07-23,CUST1024,Customer 25,Female,19,East,West Bengal,Kolkata,Clothing,Shirt,P218,Shirt Model,Samsung,3,3076,0.15,2307.0,7843.8,922.8,UPI,Home Office,Express,1,Yes,4.4
ORD00026,2024-06-25,CUST1025,Customer 26,Female,20,East,West Bengal,Kolkata,Groceries,Rice,P825,Rice Model,Nike,4,4923,0.05,3692.25,18707.4,3938.4,UPI,Home Office,Standard,3,No,3.6
ORD00027,2024-12-06,CUST1026,Customer 27,Female,38,East,West Bengal,Kolkata,Clothing,Shirt,P512,Shirt Model,Samsung,3,4354,0.1,3265.5,11755.8,1959.3,Cash,Consumer,Standard,4,No,4.5
ORD00028,2024-03-30,CUST1027,Customer 28,Female,55,East,West Bengal,Kolkata,Groceries,Rice,P721,Rice Model,Samsung,3,2550,0.05,1912.5,7267.5,1530.0,Card,Corporate,Express,6,Yes,4.3
ORD00029,2024-03-27,CUST1028,Customer 29,Male,30,North,Delhi,New Delhi,Clothing,Shoes,P250,Shoes Model,Dell,1,2124,0.1,1593.0,1911.6,318.6,UPI,Consumer,Express,5,Yes,4.2
ORD00030,2024-11-18,CUST1029,Customer 30,Male,24,South,Tamil Nadu,Chennai,Groceries,Milk,P897,Milk Model,Nike,4,2198,0.05,1648.5,8352.4,1758.4,UPI,Consumer,Express,1,Yes,4.9
ORD00031,2024-03-03,CUST1030,Customer 31,Female,57,West,Maharashtra,Mumbai,Furniture,Table,P934,Table Model,Nike,5,4778,0.1,3583.5,21501.0,3583.5,Cash,Corporate,Standard,6,No,4.2
ORD00032,2024-05-06,CUST1031,Customer 32,Female,33,East,West Bengal,Kolkata,Groceries,Rice,P378,Rice Model,Samsung,3,3803,0.0,2852.25,11409.0,2852.25,Card,Home Office,Standard,2,Yes,3.8
ORD00033,2024-12-21,CUST1032,Customer 33,Female,44,South,Tamil Nadu,Chennai,Furniture,Chair,P163,Chair Model,HP,4,3539,0.1,2654.25,12740.4,2123.4,Card,Corporate,Standard,7,No,4.2
ORD00034,2024-06-29,CUST1033,Customer 34,Female,32,East,West Bengal,Kolkata,Groceries,Milk,P379,Milk Model,Nike,5,4673,0.05,3504.75,22196.75,4673.0,Card,Consumer,Express,3,No,4.6
ORD00035,2024-08-27,CUST1034,Customer 35,Male,59,South,Tamil Nadu,Chennai,Electronics,Phone,P538,Phone Model,HP,5,4823,0.0,3617.25,24115.0,6028.75,Card,Consumer,Standard,3,No,4.0
ORD00036,2024-08-20,CUST1035,Customer 36,Male,48,East,West Bengal,Kolkata,Clothing,Shoes,P119,Shoes Model,Dell,3,3653,0.1,2739.75,9863.1,1643.85,Card,Consumer,Standard,7,Yes,4.6
ORD00037,2024-05-06,CUST1036,Customer 37,Male,54,South,Tamil Nadu,Chennai,Electronics,Laptop,P323,Laptop Model,Nike,2,1234,0.15,925.5,2097.8,246.8,Cash,Corporate,Express,2,Yes,4.7
ORD00038,2024-03-24,CUST1037,Customer 38,Female,30,East,West Bengal,Kolkata,Electronics,Laptop,P177,Laptop Model,HP,3,4916,0.15,3687.0,12535.8,1474.8,UPI,Home Office,Express,7,Yes,4.7
ORD00039,2024-10-16,CUST1038,Customer 39,Male,44,North,Delhi,New Delhi,Clothing,Shoes,P942,Shoes Model,Nike,3,764,0.1,573.0,2062.8,343.8,UPI,Corporate,Express,6,No,4.6
ORD00040,2024-08-10,CUST1039,Customer 40,Female,33,South,Tamil Nadu,Chennai,Clothing,Shoes,P950,Shoes Model,Dell,4,3768,0.1,2826.0,13564.8,2260.8,Card,Corporate,Standard,7,No,4.4
ORD00041,2024-12-08,CUST1040,Customer 41,Female,31,West,Maharashtra,Mumbai,Clothing,Shirt,P463,Shirt Model,Samsung,4,2862,0.05,2146.5,10875.6,2289.6,Card,Corporate,Express,5,Yes,4.3
ORD00042,2024-04-07,CUST1041,Customer 42,Female,59,North,Delhi,New Delhi,Furniture,Table,P828,Table Model,Nike,4,4748,0.05,3561.0,18042.4,3798.4,Card,Consumer,Standard,3,Yes,4.1
ORD00043,2024-05-04,CUST1042,Customer 43,Female,53,East,West Bengal,Kolkata,Clothing,Shoes,P438,Shoes Model,Samsung,5,4549,0.1,3411.75,20470.5,3411.75,Cash,Corporate,Express,3,No,3.8
ORD00044,2024-04-08,CUST1043,Customer 44,Female,55,East,West Bengal,Kolkata,Electronics,Laptop,P878,Laptop Model,Samsung,2,1972,0.15,1479.0,3352.4,394.4,UPI,Consumer,Express,2,No,3.8
ORD00045,2024-01-08,CUST1044,Customer 45,Male,58,South,Tamil Nadu,Chennai,Clothing,Shirt,P989,Shirt Model,Nike,1,4733,0.1,3549.75,4259.7,709.95,UPI,Consumer,Express,4,No,4.2
ORD00046,2024-04-04,CUST1045,Customer 46,Female,22,North,Delhi,New Delhi,Clothing,Shoes,P690,Shoes Model,Dell,1,735,0.15,551.25,624.75,73.5,UPI,Consumer,Express,1,Yes,3.7
ORD00047,2024-08-01,CUST1046,Customer 47,Female,54,South,Tamil Nadu,Chennai,Groceries,Milk,P735,Milk Model,Dell,4,2635,0.15,1976.25,8959.0,1054.0,Cash,Home Office,Standard,7,Yes,4.4
ORD00048,2024-05-15,CUST1047,Customer 48,Male,18,North,Delhi,New Delhi,Furniture,Chair,P518,Chair Model,Nike,2,4721,0.0,3540.75,9442.0,2360.5,Cash,Home Office,Express,3,Yes,3.8
ORD00049,2024-12-27,CUST1048,Customer 49,Female,25,East,West Bengal,Kolkata,Groceries,Rice,P657,Rice Model,HP,2,2367,0.05,1775.25,4497.3,946.8,Cash,Consumer,Express,7,Yes,3.6
ORD00050,2024-03-25,CUST1049,Customer 50,Female,35,East,West Bengal,Kolkata,Clothing,Shoes,P612,Shoes Model,Nike,1,4039,0.1,3029.25,3635.1,605.85,Card,Consumer,Standard,4,No,4.4
ORD00051,2024-01-14,CUST1050,Customer 51,Male,48,North,Delhi,New Delhi,Furniture,Chair,P631,Chair Model,Nike,3,4920,0.0,3690.0,14760.0,3690.0,Card,Consumer,Express,6,No,5.0
ORD00052,2024-08-28,CUST1051,Customer 52,Female,44,East,West Bengal,Kolkata,Groceries,Milk,P810,Milk Model,Nike,3,1056,0.05,792.0,3009.6,633.6,Card,Home Office,Express,7,Yes,4.2
ORD00053,2024-06-10,CUST1052,Customer 53,Female,44,East,West Bengal,Kolkata,Clothing,Shirt,P155,Shirt Model,HP,4,4415,0.0,3311.25,17660.0,4415.0,Cash,Corporate,Express,6,No,4.6
ORD00054,2024-04-14,CUST1053,Customer 54,Male,58,East,West Bengal,Kolkata,Furniture,Table,P723,Table Model,HP,4,4170,0.0,3127.5,16680.0,4170.0,Cash,Consumer,Express,5,Yes,4.3
ORD00055,2024-02-17,CUST1054,Customer 55,Female,50,South,Tamil Nadu,Chennai,Electronics,Phone,P822,Phone Model,Samsung,1,1461,0.15,1095.75,1241.85,146.1,Card,Corporate,Express,2,No,4.3
ORD00056,2024-07-15,CUST1055,Customer 56,Female,18,South,Tamil Nadu,Chennai,Furniture,Chair,P389,Chair Model,Samsung,3,3599,0.1,2699.25,9717.3,1619.55,Cash,Home Office,Express,7,Yes,4.2
ORD00057,2024-09-04,CUST1056,Customer 57,Male,54,East,West Bengal,Kolkata,Clothing,Shoes,P492,Shoes Model,HP,4,2836,0.05,2127.0,10776.8,2268.8,Card,Consumer,Express,6,No,4.6
ORD00058,2024-07-14,CUST1057,Customer 58,Male,46,West,Maharashtra,Mumbai,Furniture,Table,P202,Table Model,Nike,1,1234,0.1,925.5,1110.6,185.1,UPI,Home Office,Standard,4,Yes,3.6
ORD00059,2024-05-15,CUST1058,Customer 59,Female,58,East,West Bengal,Kolkata,Groceries,Rice,P835,Rice Model,Nike,3,4571,0.15,3428.25,11656.05,1371.3,Cash,Consumer,Standard,2,No,5.0
ORD00060,2024-02-16,CUST1059,Customer 60,Male,20,West,Maharashtra,Mumbai,Electronics,Laptop,P432,Laptop Model,Dell,4,1562,0.1,1171.5,5623.2,937.2,Card,Corporate,Express,4,Yes,3.9
ORD00061,2024-07-29,CUST1060,Customer 61,Female,55,South,Tamil Nadu,Chennai,Furniture,Chair,P246,Chair Model,HP,1,3333,0.05,2499.75,3166.35,666.6,Card,Home Office,Express,4,No,4.5
ORD00062,2024-08-26,CUST1061,Customer 62,Female,34,East,West Bengal,Kolkata,Furniture,Chair,P567,Chair Model,Samsung,4,3030,0.1,2272.5,10908.0,1818.0,UPI,Corporate,Express,1,Yes,4.1
ORD00063,2024-07-02,CUST1062,Customer 63,Male,56,East,West Bengal,Kolkata,Clothing,Shirt,P863,Shirt Model,Nike,4,2448,0.0,1836.0,9792.0,2448.0,Card,Consumer,Express,2,Yes,4.4
ORD00064,2024-12-13,CUST1063,Customer 64,Female,26,South,Tamil Nadu,Chennai,Electronics,Laptop,P192,Laptop Model,Samsung,3,3811,0.0,2858.25,11433.0,2858.25,Card,Home Office,Express,2,Yes,3.7
ORD00065,2024-10-03,CUST1064,Customer 65,Female,25,East,West Bengal,Kolkata,Clothing,Shirt,P579,Shirt Model,Dell,3,4147,0.1,3110.25,11196.9,1866.15,UPI,Consumer,Express,7,No,3.6
ORD00066,2024-07-21,CUST1065,Customer 66,Female,58,North,Delhi,New Delhi,Clothing,Shirt,P480,Shirt Model,Dell,4,3219,0.1,2414.25,11588.4,1931.4,Cash,Consumer,Express,1,No,4.9
ORD00067,2024-04-23,CUST1066,Customer 67,Male,20,North,Delhi,New Delhi,Groceries,Milk,P411,Milk Model,Nike,4,1155,0.05,866.25,4389.0,924.0,UPI,Consumer,Standard,5,Yes,4.1
ORD00068,2024-07-08,CUST1067,Customer 68,Female,20,West,Maharashtra,Mumbai,Furniture,Table,P806,Table Model,Samsung,1,4208,0.15,3156.0,3576.8,420.8,UPI,Corporate,Express,2,No,3.6
ORD00069,2024-12-17,CUST1068,Customer 69,Male,47,East,West Bengal,Kolkata,Clothing,Shirt,P193,Shirt Model,HP,4,2460,0.05,1845.0,9348.0,1968.0,Cash,Home Office,Standard,1,No,3.9
ORD00070,2024-03-05,CUST1069,Customer 70,Female,27,South,Tamil Nadu,Chennai,Electronics,Laptop,P907,Laptop Model,Dell,5,1969,0.05,1476.75,9352.75,1969.0,Card,Consumer,Standard,5,No,4.7
ORD00071,2024-02-26,CUST1070,Customer 71,Male,29,North,Delhi,New Delhi,Furniture,Chair,P371,Chair Model,Dell,3,2149,0.1,1611.75,5802.3,967.05,UPI,Home Office,Express,5,Yes,4.6
ORD00072,2024-08-31,CUST1071,Customer 72,Male,60,West,Maharashtra,Mumbai,Clothing,Shirt,P633,Shirt Model,Samsung,4,4327,0.05,3245.25,16442.6,3461.6,Card,Home Office,Standard,1,No,4.8
ORD00073,2024-08-06,CUST1072,Customer 73,Male,22,North,Delhi,New Delhi,Groceries,Milk,P229,Milk Model,Samsung,1,861,0.1,645.75,774.9,129.15,Cash,Home Office,Express,4,No,4.2
ORD00074,2024-11-05,CUST1073,Customer 74,Female,32,West,Maharashtra,Mumbai,Electronics,Laptop,P523,Laptop Model,Samsung,5,1961,0.15,1470.75,8334.25,980.5,Card,Corporate,Express,6,Yes,4.0
ORD00075,2024-06-09,CUST1074,Customer 75,Male,23,East,West Bengal,Kolkata,Clothing,Shirt,P542,Shirt Model,Dell,4,749,0.0,561.75,2996.0,749.0,Cash,Home Office,Express,7,Yes,4.3
ORD00076,2024-10-27,CUST1075,Customer 76,Female,56,East,West Bengal,Kolkata,Electronics,Phone,P419,Phone Model,Samsung,3,3664,0.0,2748.0,10992.0,2748.0,UPI,Home Office,Standard,2,No,3.8
ORD00077,2024-02-25,CUST1076,Customer 77,Female,53,East,West Bengal,Kolkata,Clothing,Shirt,P885,Shirt Model,Dell,3,4903,0.05,3677.25,13973.55,2941.8,Cash,Home Office,Express,1,Yes,3.9
ORD00078,2024-06-07,CUST1077,Customer 78,Male,27,East,West Bengal,Kolkata,Clothing,Shirt,P858,Shirt Model,Dell,2,1373,0.15,1029.75,2334.1,274.6,UPI,Home Office,Standard,4,No,4.2
ORD00079,2024-03-21,CUST1078,Customer 79,Male,28,East,West Bengal,Kolkata,Clothing,Shoes,P872,Shoes Model,Dell,5,895,0.0,671.25,4475.0,1118.75,Cash,Consumer,Express,4,No,4.2
ORD00080,2024-08-14,CUST1079,Customer 80,Female,25,West,Maharashtra,Mumbai,Clothing,Shirt,P390,Shirt Model,Nike,5,1132,0.1,849.0,5094.0,849.0,Cash,Home Office,Express,1,Yes,4.1
ORD00081,2024-11-02,CUST1080,Customer 81,Female,36,North,Delhi,New Delhi,Electronics,Laptop,P435,Laptop Model,Dell,3,1930,0.05,1447.5,5500.5,1158.0,UPI,Corporate,Express,2,Yes,4.1
ORD00082,2024-12-26,CUST1081,Customer 82,Male,47,South,Tamil Nadu,Chennai,Clothing,Shirt,P179,Shirt Model,Samsung,4,546,0.15,409.5,1856.4,218.4,Cash,Corporate,Express,6,No,3.9
ORD00083,2024-07-26,CUST1082,Customer 83,Male,45,North,Delhi,New Delhi,Clothing,Shirt,P964,Shirt Model,Dell,5,3969,0.1,2976.75,17860.5,2976.75,UPI,Corporate,Express,5,Yes,4.1
ORD00084,2024-06-07,CUST1083,Customer 84,Male,40,East,West Bengal,Kolkata,Furniture,Table,P459,Table Model,HP,2,825,0.0,618.75,1650.0,412.5,UPI,Consumer,Standard,3,Yes,3.8
ORD00085,2024-03-19,CUST1084,Customer 85,Female,58,North,Delhi,New Delhi,Furniture,Table,P423,Table Model,HP,4,4818,0.15,3613.5,16381.2,1927.2,Card,Consumer,Express,4,No,4.7
ORD00086,2024-10-29,CUST1085,Customer 86,Male,21,North,Delhi,New Delhi,Clothing,Shirt,P477,Shirt Model,Samsung,3,3982,0.15,2986.5,10154.1,1194.6,UPI,Home Office,Standard,5,No,4.2
ORD00087,2024-10-10,CUST1086,Customer 87,Male,46,North,Delhi,New Delhi,Groceries,Rice,P205,Rice Model,Samsung,3,4096,0.05,3072.0,11673.6,2457.6,Cash,Consumer,Standard,1,Yes,4.6
ORD00088,2024-08-12,CUST1087,Customer 88,Female,56,South,Tamil Nadu,Chennai,Clothing,Shoes,P153,Shoes Model,Samsung,3,3373,0.15,2529.75,8601.15,1011.9,UPI,Corporate,Standard,5,No,3.9
ORD00089,2024-12-02,CUST1088,Customer 89,Female,59,South,Tamil Nadu,Chennai,Clothing,Shirt,P815,Shirt Model,Nike,5,1358,0.1,1018.5,6111.0,1018.5,UPI,Home Office,Standard,3,No,4.5
ORD00090,2024-06-17,CUST1089,Customer 90,Female,37,South,Tamil Nadu,Chennai,Electronics,Phone,P284,Phone Model,HP,5,3164,0.0,2373.0,15820.0,3955.0,Card,Corporate,Standard,2,Yes,3.7
ORD00091,2024-05-31,CUST1090,Customer 91,Male,28,North,Delhi,New Delhi,Electronics,Phone,P285,Phone Model,HP,5,1273,0.15,954.75,5410.25,636.5,Cash,Corporate,Standard,4,No,4.5
ORD00092,2024-05-01,CUST1091,Customer 92,Female,48,West,Maharashtra,Mumbai,Clothing,Shoes,P955,Shoes Model,HP,2,4574,0.05,3430.5,8690.6,1829.6,Card,Home Office,Express,4,No,4.7
ORD00093,2024-09-14,CUST1092,Customer 93,Male,59,West,Maharashtra,Mumbai,Furniture,Chair,P592,Chair Model,Samsung,5,1333,0.1,999.75,5998.5,999.75,Cash,Consumer,Standard,3,Yes,4.6
ORD00094,2024-05-19,CUST1093,Customer 94,Female,19,West,Maharashtra,Mumbai,Furniture,Table,P524,Table Model,Dell,1,2018,0.15,1513.5,1715.3,201.8,Card,Home Office,Express,2,No,5.0
ORD00095,2024-07-10,CUST1094,Customer 95,Male,20,South,Tamil Nadu,Chennai,Electronics,Phone,P393,Phone Model,Nike,1,2946,0.05,2209.5,2798.7,589.2,Cash,Consumer,Express,4,Yes,4.9
ORD00096,2024-01-10,CUST1095,Customer 96,Male,36,East,West Bengal,Kolkata,Furniture,Chair,P343,Chair Model,Samsung,5,4523,0.15,3392.25,19222.75,2261.5,UPI,Consumer,Standard,4,No,3.6
ORD00097,2024-09-12,CUST1096,Customer 97,Female,33,North,Delhi,New Delhi,Furniture,Chair,P684,Chair Model,Nike,3,3716,0.0,2787.0,11148.0,2787.0,UPI,Home Office,Standard,5,No,3.6
ORD00098,2024-09-26,CUST1097,Customer 98,Female,19,North,Delhi,New Delhi,Groceries,Milk,P465,Milk Model,Dell,1,3369,0.1,2526.75,3032.1,505.35,Card,Consumer,Standard,7,No,3.7
ORD00099,2024-06-29,CUST1098,Customer 99,Male,47,East,West Bengal,Kolkata,Furniture,Table,P137,Table Model,Samsung,4,1693,0.05,1269.75,6433.4,1354.4,UPI,Consumer,Standard,1,No,4.9
ORD00100,2024-09-20,CUST1099,Customer 100,Female,21,West,Maharashtra,Mumbai,Groceries,Milk,P986,Milk Model,Samsung,1,1765,0.1,1323.75,1588.5,264.75,Card,Consumer,Express,4,No,4.6
ORD00101,2024-07-16,CUST1100,Customer 101,Male,45,East,West Bengal,Kolkata,Furniture,Table,P180,Table Model,Nike,4,3209,0.1,2406.75,11552.4,1925.4,Cash,Consumer,Express,3,Yes,3.6
ORD00102,2024-12-04,CUST1101,Customer 102,Female,40,East,West Bengal,Kolkata,Clothing,Shoes,P557,Shoes Model,Dell,5,3690,0.05,2767.5,17527.5,3690.0,Cash,Corporate,Express,3,Yes,3.6
ORD00103,2024-11-22,CUST1102,Customer 103,Male,26,West,Maharashtra,Mumbai,Clothing,Shirt,P168,Shirt Model,HP,1,1369,0.15,1026.75,1163.65,136.9,Cash,Corporate,Express,4,Yes,4.4
ORD00104,2024-12-13,CUST1103,Customer 104,Female,43,West,Maharashtra,Mumbai,Clothing,Shoes,P421,Shoes Model,Samsung,4,829,0.05,621.75,3150.2,663.2,UPI,Consumer,Standard,6,Yes,4.2
ORD00105,2024-07-17,CUST1104,Customer 105,Female,30,North,Delhi,New Delhi,Clothing,Shoes,P225,Shoes Model,HP,4,1957,0.1,1467.75,7045.2,1174.2,UPI,Corporate,Standard,6,No,5.0
ORD00106,2024-12-15,CUST1105,Customer 106,Female,28,East,West Bengal,Kolkata,Clothing,Shirt,P828,Shirt Model,HP,5,4641,0.1,3480.75,20884.5,3480.75,Card,Home Office,Standard,1,Yes,4.7
ORD00107,2024-05-01,CUST1106,Customer 107,Female,53,West,Maharashtra,Mumbai,Electronics,Phone,P232,Phone Model,Dell,5,4888,0.1,3666.0,21996.0,3666.0,UPI,Corporate,Express,6,No,4.3
ORD00108,2024-07-28,CUST1107,Customer 108,Female,26,North,Delhi,New Delhi,Furniture,Table,P999,Table Model,HP,1,3886,0.15,2914.5,3303.1,388.6,UPI,Corporate,Standard,7,Yes,4.3
ORD00109,2024-06-04,CUST1108,Customer 109,Male,34,South,Tamil Nadu,Chennai,Furniture,Table,P301,Table Model,Samsung,2,3034,0.1,2275.5,5461.2,910.2,UPI,Home Office,Express,5,Yes,4.3
ORD00110,2024-03-27,CUST1109,Customer 110,Male,20,South,Tamil Nadu,Chennai,Furniture,Table,P756,Table Model,Samsung,5,537,0.0,402.75,2685.0,671.25,Cash,Consumer,Express,5,Yes,4.2
ORD00111,2024-11-17,CUST1110,Customer 111,Female,22,East,West Bengal,Kolkata,Clothing,Shoes,P805,Shoes Model,Dell,2,3526,0.1,2644.5,6346.8,1057.8,UPI,Corporate,Express,4,No,3.8
ORD00112,2024-11-06,CUST1111,Customer 112,Female,50,South,Tamil Nadu,Chennai,Clothing,Shoes,P675,Shoes Model,Dell,3,3466,0.05,2599.5,9878.1,2079.6,Card,Consumer,Express,1,No,4.2
ORD00113,2024-03-13,CUST1112,Customer 113,Male,38,North,Delhi,New Delhi,Electronics,Phone,P691,Phone Model,Samsung,4,3625,0.05,2718.75,13775.0,2900.0,UPI,Consumer,Express,5,No,4.2
ORD00114,2024-06-06,CUST1113,Customer 114,Male,31,West,Maharashtra,Mumbai,Electronics,Laptop,P697,Laptop Model,Samsung,4,4340,0.15,3255.0,14756.0,1736.0,UPI,Consumer,Express,4,No,3.9
ORD00115,2024-01-05,CUST1114,Customer 115,Female,20,North,Delhi,New Delhi,Groceries,Rice,P510,Rice Model,Dell,3,3196,0.15,2397.0,8149.8,958.8,Cash,Home Office,Standard,3,No,3.6
ORD00116,2024-09-15,CUST1115,Customer 116,Female,39,West,Maharashtra,Mumbai,Clothing,Shirt,P671,Shirt Model,Samsung,2,992,0.15,744.0,1686.4,198.4,UPI,Consumer,Express,5,Yes,3.6
ORD00117,2024-03-11,CUST1116,Customer 117,Female,57,East,West Bengal,Kolkata,Groceries,Milk,P426,Milk Model,HP,2,4423,0.05,3317.25,8403.7,1769.2,Card,Home Office,Express,5,No,4.3
ORD00118,2024-09-17,CUST1117,Customer 118,Male,44,West,Maharashtra,Mumbai,Clothing,Shoes,P697,Shoes Model,Samsung,1,3217,0.1,2412.75,2895.3,482.55,Cash,Home Office,Standard,5,No,3.9
ORD00119,2024-12-01,CUST1118,Customer 119,Male,33,South,Tamil Nadu,Chennai,Electronics,Phone,P132,Phone Model,Dell,2,4494,0.15,3370.5,7639.8,898.8,UPI,Consumer,Express,3,No,3.7
ORD00120,2024-12-19,CUST1119,Customer 120,Female,60,South,Tamil Nadu,Chennai,Groceries,Milk,P589,Milk Model,Nike,1,1331,0.05,998.25,1264.45,266.2,Card,Consumer,Express,5,No,4.3
ORD00121,2024-12-12,CUST1120,Customer 121,Male,37,East,West Bengal,Kolkata,Groceries,Rice,P889,Rice Model,Samsung,2,2485,0.1,1863.75,4473.0,745.5,Cash,Consumer,Express,3,No,4.0
ORD00122,2024-05-20,CUST1121,Customer 122,Female,20,East,West Bengal,Kolkata,Electronics,Phone,P394,Phone Model,Dell,4,3027,0.05,2270.25,11502.6,2421.6,Card,Corporate,Express,6,No,3.8
ORD00123,2024-10-02,CUST1122,Customer 123,Male,60,East,West Bengal,Kolkata,Clothing,Shirt,P643,Shirt Model,HP,1,2160,0.05,1620.0,2052.0,432.0,Cash,Consumer,Standard,1,No,4.0
ORD00124,2024-08-29,CUST1123,Customer 124,Female,48,North,Delhi,New Delhi,Furniture,Chair,P766,Chair Model,HP,5,1493,0.15,1119.75,6345.25,746.5,Card,Corporate,Express,6,Yes,4.9
ORD00125,2024-02-15,CUST1124,Customer 125,Female,49,South,Tamil Nadu,Chennai,Electronics,Laptop,P290,Laptop Model,Samsung,4,1640,0.0,1230.0,6560.0,1640.0,UPI,Consumer,Express,5,Yes,4.9
ORD00126,2024-06-20,CUST1125,Customer 126,Female,30,East,West Bengal,Kolkata,Groceries,Milk,P928,Milk Model,Dell,2,4330,0.15,3247.5,7361.0,866.0,Card,Consumer,Express,6,No,4.6
ORD00127,2024-01-08,CUST1126,Customer 127,Female,23,East,West Bengal,Kolkata,Clothing,Shirt,P510,Shirt Model,Dell,2,3521,0.15,2640.75,5985.7,704.2,UPI,Consumer,Express,3,Yes,3.5
ORD00128,2024-07-15,CUST1127,Customer 128,Female,59,South,Tamil Nadu,Chennai,Groceries,Milk,P468,Milk Model,HP,3,2673,0.0,2004.75,8019.0,2004.75,UPI,Home Office,Standard,4,No,3.7
ORD00129,2024-12-17,CUST1128,Customer 129,Male,48,East,West Bengal,Kolkata,Electronics,Phone,P256,Phone Model,Nike,3,2009,0.05,1506.75,5725.65,1205.4,Cash,Home Office,Express,4,No,4.6
ORD00130,2024-12-06,CUST1129,Customer 130,Male,54,South,Tamil Nadu,Chennai,Furniture,Chair,P214,Chair Model,Dell,5,3859,0.1,2894.25,17365.5,2894.25,Cash,Home Office,Standard,5,Yes,3.7
ORD00131,2024-09-23,CUST1130,Customer 131,Female,21,West,Maharashtra,Mumbai,Electronics,Laptop,P564,Laptop Model,HP,5,4204,0.0,3153.0,21020.0,5255.0,Cash,Corporate,Express,5,Yes,4.3
ORD00132,2024-12-10,CUST1131,Customer 132,Male,20,East,West Bengal,Kolkata,Electronics,Phone,P533,Phone Model,Samsung,3,224,0.05,168.0,638.4,134.4,Cash,Consumer,Standard,1,No,3.5
ORD00133,2024-07-28,CUST1132,Customer 133,Female,42,South,Tamil Nadu,Chennai,Furniture,Table,P182,Table Model,HP,3,3333,0.15,2499.75,8499.15,999.9,Cash,Corporate,Standard,2,No,4.3
ORD00134,2024-04-24,CUST1133,Customer 134,Female,32,North,Delhi,New Delhi,Electronics,Phone,P353,Phone Model,Nike,4,4660,0.15,3495.0,15844.0,1864.0,Card,Consumer,Express,2,Yes,3.5
ORD00135,2024-12-04,CUST1134,Customer 135,Male,46,West,Maharashtra,Mumbai,Electronics,Laptop,P712,Laptop Model,Dell,2,751,0.0,563.25,1502.0,375.5,UPI,Home Office,Standard,4,No,3.9
ORD00136,2024-04-21,CUST1135,Customer 136,Female,33,North,Delhi,New Delhi,Furniture,Table,P409,Table Model,HP,2,4919,0.1,3689.25,8854.2,1475.7,Cash,Home Office,Standard,4,No,3.9
ORD00137,2024-10-12,CUST1136,Customer 137,Female,44,South,Tamil Nadu,Chennai,Groceries,Milk,P518,Milk Model,HP,1,3021,0.15,2265.75,2567.85,302.1,Card,Corporate,Standard,7,No,3.9
ORD00138,2024-04-25,CUST1137,Customer 138,Female,53,East,West Bengal,Kolkata,Furniture,Table,P642,Table Model,HP,1,4807,0.15,3605.25,4085.95,480.7,Card,Consumer,Express,2,No,4.5
ORD00139,2024-08-18,CUST1138,Customer 139,Male,22,East,West Bengal,Kolkata,Electronics,Laptop,P292,Laptop Model,HP,1,2399,0.15,1799.25,2039.15,239.9,Card,Consumer,Express,3,Yes,3.8
ORD00140,2024-04-07,CUST1139,Customer 140,Male,53,North,Delhi,New Delhi,Groceries,Rice,P429,Rice Model,Samsung,5,1875,0.15,1406.25,7968.75,937.5,Card,Corporate,Express,3,No,4.0
ORD00141,2024-09-11,CUST1140,Customer 141,Female,44,West,Maharashtra,Mumbai,Electronics,Phone,P146,Phone Model,HP,3,1864,0.1,1398.0,5032.8,838.8,Cash,Consumer,Standard,3,No,3.9
ORD00142,2024-04-10,CUST1141,Customer 142,Female,34,East,West Bengal,Kolkata,Furniture,Table,P881,Table Model,Nike,5,2213,0.15,1659.75,9405.25,1106.5,Cash,Home Office,Express,4,Yes,4.6
ORD00143,2024-06-29,CUST1142,Customer 143,Male,22,South,Tamil Nadu,Chennai,Furniture,Table,P937,Table Model,Dell,2,4641,0.0,3480.75,9282.0,2320.5,UPI,Corporate,Standard,7,Yes,3.6
ORD00144,2024-03-18,CUST1143,Customer 144,Female,19,North,Delhi,New Delhi,Furniture,Table,P106,Table Model,Nike,3,695,0.15,521.25,1772.25,208.5,UPI,Consumer,Express,5,No,3.5
ORD00145,2024-12-23,CUST1144,Customer 145,Male,30,West,Maharashtra,Mumbai,Furniture,Chair,P734,Chair Model,Samsung,1,4495,0.05,3371.25,4270.25,899.0,Card,Corporate,Express,1,No,4.9
ORD00146,2024-08-23,CUST1145,Customer 146,Female,42,South,Tamil Nadu,Chennai,Furniture,Table,P486,Table Model,Nike,1,459,0.0,344.25,459.0,114.75,UPI,Home Office,Standard,6,Yes,3.6
ORD00147,2024-08-10,CUST1146,Customer 147,Female,20,East,West Bengal,Kolkata,Electronics,Laptop,P176,Laptop Model,Samsung,2,1931,0.15,1448.25,3282.7,386.2,Cash,Home Office,Standard,2,No,3.5
ORD00148,2024-04-16,CUST1147,Customer 148,Female,52,South,Tamil Nadu,Chennai,Groceries,Rice,P439,Rice Model,Nike,3,1530,0.05,1147.5,4360.5,918.0,Cash,Consumer,Standard,5,No,3.6
ORD00149,2024-08-11,CUST1148,Customer 149,Male,58,South,Tamil Nadu,Chennai,Electronics,Phone,P379,Phone Model,Nike,5,3449,0.1,2586.75,15520.5,2586.75,Card,Consumer,Express,5,No,4.1
ORD00150,2024-12-14,CUST1149,Customer 150,Female,27,West,Maharashtra,Mumbai,Electronics,Phone,P489,Phone Model,HP,2,802,0.0,601.5,1604.0,401.0,Cash,Corporate,Express,3,Yes,3.6
ORD00151,2024-06-06,CUST1150,Customer 151,Male,45,West,Maharashtra,Mumbai,Clothing,Shoes,P559,Shoes Model,Nike,1,1285,0.0,963.75,1285.0,321.25,UPI,Consumer,Standard,3,Yes,4.4
ORD00152,2024-06-15,CUST1151,Customer 152,Male,54,West,Maharashtra,Mumbai,Electronics,Phone,P633,Phone Model,HP,4,3376,0.0,2532.0,13504.0,3376.0,Cash,Corporate,Standard,2,No,4.0
ORD00153,2024-09-09,CUST1152,Customer 153,Female,48,South,Tamil Nadu,Chennai,Electronics,Laptop,P901,Laptop Model,Dell,4,2460,0.15,1845.0,8364.0,984.0,Card,Corporate,Standard,6,No,4.4
ORD00154,2024-04-10,CUST1153,Customer 154,Female,57,West,Maharashtra,Mumbai,Electronics,Laptop,P489,Laptop Model,Samsung,3,255,0.15,191.25,650.25,76.5,Card,Corporate,Express,7,Yes,4.0
ORD00155,2024-11-04,CUST1154,Customer 155,Female,58,South,Tamil Nadu,Chennai,Groceries,Milk,P602,Milk Model,HP,2,3462,0.1,2596.5,6231.6,1038.6,Card,Corporate,Express,7,No,4.0
ORD00156,2024-10-15,CUST1155,Customer 156,Female,22,South,Tamil Nadu,Chennai,Furniture,Chair,P938,Chair Model,Nike,4,1917,0.15,1437.75,6517.8,766.8,Cash,Corporate,Standard,6,No,3.9
ORD00157,2024-12-03,CUST1156,Customer 157,Female,52,South,Tamil Nadu,Chennai,Groceries,Milk,P618,Milk Model,Nike,1,3878,0.15,2908.5,3296.3,387.8,Cash,Consumer,Express,6,Yes,3.7
ORD00158,2024-05-07,CUST1157,Customer 158,Female,24,East,West Bengal,Kolkata,Furniture,Chair,P110,Chair Model,Dell,5,3473,0.1,2604.75,15628.5,2604.75,Card,Consumer,Standard,4,No,4.1
ORD00159,2024-12-13,CUST1158,Customer 159,Female,23,South,Tamil Nadu,Chennai,Clothing,Shirt,P218,Shirt Model,HP,4,1056,0.1,792.0,3801.6,633.6,Card,Corporate,Express,4,Yes,4.3
ORD00160,2024-06-27,CUST1159,Customer 160,Female,20,West,Maharashtra,Mumbai,Electronics,Phone,P929,Phone Model,Dell,4,2812,0.0,2109.0,11248.0,2812.0,UPI,Corporate,Standard,6,Yes,4.9
ORD00161,2024-05-04,CUST1160,Customer 161,Male,43,South,Tamil Nadu,Chennai,Furniture,Table,P744,Table Model,HP,5,3692,0.15,2769.0,15691.0,1846.0,UPI,Home Office,Express,4,Yes,4.6
ORD00162,2024-04-11,CUST1161,Customer 162,Female,22,West,Maharashtra,Mumbai,Groceries,Milk,P691,Milk Model,Dell,1,1959,0.05,1469.25,1861.05,391.8,Cash,Consumer,Express,3,Yes,4.2
ORD00163,2024-05-14,CUST1162,Customer 163,Female,40,West,Maharashtra,Mumbai,Clothing,Shoes,P965,Shoes Model,Nike,5,3415,0.0,2561.25,17075.0,4268.75,Cash,Consumer,Express,5,Yes,4.5
ORD00164,2024-06-09,CUST1163,Customer 164,Male,50,North,Delhi,New Delhi,Furniture,Table,P497,Table Model,Nike,1,1699,0.1,1274.25,1529.1,254.85,Cash,Consumer,Express,4,Yes,4.2
ORD00165,2024-10-02,CUST1164,Customer 165,Female,46,South,Tamil Nadu,Chennai,Furniture,Table,P734,Table Model,Dell,3,1349,0.05,1011.75,3844.65,809.4,Card,Consumer,Express,2,Yes,4.7
ORD00166,2024-10-14,CUST1165,Customer 166,Male,23,West,Maharashtra,Mumbai,Groceries,Milk,P678,Milk Model,Dell,4,3836,0.15,2877.0,13042.4,1534.4,UPI,Corporate,Standard,3,Yes,4.3
ORD00167,2024-03-27,CUST1166,Customer 167,Female,52,West,Maharashtra,Mumbai,Groceries,Rice,P942,Rice Model,Dell,5,1135,0.1,851.25,5107.5,851.25,Cash,Corporate,Standard,4,Yes,4.6
ORD00168,2024-11-30,CUST1167,Customer 168,Male,46,South,Tamil Nadu,Chennai,Clothing,Shirt,P986,Shirt Model,Dell,4,2352,0.1,1764.0,8467.2,1411.2,UPI,Consumer,Express,7,No,3.7
ORD00169,2024-03-12,CUST1168,Customer 169,Male,38,South,Tamil Nadu,Chennai,Furniture,Chair,P820,Chair Model,Samsung,5,3073,0.1,2304.75,13828.5,2304.75,Card,Home Office,Express,7,Yes,3.7
ORD00170,2024-07-29,CUST1169,Customer 170,Female,33,North,Delhi,New Delhi,Clothing,Shirt,P879,Shirt Model,Nike,2,2245,0.05,1683.75,4265.5,898.0,Card,Consumer,Express,6,No,4.1
ORD00171,2024-02-08,CUST1170,Customer 171,Female,55,North,Delhi,New Delhi,Groceries,Milk,P102,Milk Model,Dell,3,3924,0.15,2943.0,10006.2,1177.2,Cash,Corporate,Express,7,Yes,4.7
ORD00172,2024-07-22,CUST1171,Customer 172,Female,39,South,Tamil Nadu,Chennai,Groceries,Rice,P660,Rice Model,HP,4,2399,0.1,1799.25,8636.4,1439.4,Cash,Corporate,Express,6,Yes,3.6
ORD00173,2024-11-16,CUST1172,Customer 173,Male,45,West,Maharashtra,Mumbai,Electronics,Laptop,P307,Laptop Model,HP,2,3815,0.15,2861.25,6485.5,763.0,Cash,Corporate,Standard,7,No,3.6
ORD00174,2024-07-03,CUST1173,Customer 174,Female,32,East,West Bengal,Kolkata,Electronics,Phone,P539,Phone Model,Dell,2,624,0.15,468.0,1060.8,124.8,Cash,Consumer,Standard,2,No,3.6
ORD00175,2024-10-30,CUST1174,Customer 175,Female,26,South,Tamil Nadu,Chennai,Groceries,Rice,P589,Rice Model,Dell,1,3014,0.0,2260.5,3014.0,753.5,UPI,Corporate,Standard,6,Yes,3.7
ORD00176,2024-07-07,CUST1175,Customer 176,Male,57,East,West Bengal,Kolkata,Furniture,Table,P765,Table Model,HP,2,1370,0.0,1027.5,2740.0,685.0,Card,Corporate,Standard,6,Yes,4.9
ORD00177,2024-11-11,CUST1176,Customer 177,Female,40,West,Maharashtra,Mumbai,Furniture,Chair,P539,Chair Model,Samsung,1,1346,0.0,1009.5,1346.0,336.5,UPI,Consumer,Express,6,Yes,3.9
ORD00178,2024-11-03,CUST1177,Customer 178,Female,36,East,West Bengal,Kolkata,Electronics,Phone,P761,Phone Model,Dell,2,4441,0.05,3330.75,8437.9,1776.4,UPI,Corporate,Express,1,Yes,4.2
ORD00179,2024-10-31,CUST1178,Customer 179,Female,41,North,Delhi,New Delhi,Electronics,Phone,P659,Phone Model,HP,3,1281,0.15,960.75,3266.55,384.3,Card,Consumer,Standard,5,Yes,3.5
ORD00180,2024-04-20,CUST1179,Customer 180,Female,43,North,Delhi,New Delhi,Electronics,Phone,P184,Phone Model,HP,5,2546,0.15,1909.5,10820.5,1273.0,Card,Consumer,Express,1,Yes,5.0
ORD00181,2024-03-20,CUST1180,Customer 181,Male,33,East,West Bengal,Kolkata,Groceries,Rice,P188,Rice Model,Nike,3,3783,0.05,2837.25,10781.55,2269.8,UPI,Corporate,Standard,3,Yes,3.7
ORD00182,2024-12-28,CUST1181,Customer 182,Male,41,South,Tamil Nadu,Chennai,Electronics,Laptop,P229,Laptop Model,Samsung,4,3040,0.1,2280.0,10944.0,1824.0,Cash,Consumer,Standard,3,No,3.9
ORD00183,2024-02-02,CUST1182,Customer 183,Male,49,East,West Bengal,Kolkata,Electronics,Phone,P979,Phone Model,HP,4,4384,0.1,3288.0,15782.4,2630.4,Card,Consumer,Express,7,Yes,4.8
ORD00184,2024-12-11,CUST1183,Customer 184,Male,48,North,Delhi,New Delhi,Furniture,Chair,P472,Chair Model,Nike,1,300,0.05,225.0,285.0,60.0,UPI,Consumer,Standard,5,No,3.8
ORD00185,2024-05-07,CUST1184,Customer 185,Male,50,West,Maharashtra,Mumbai,Clothing,Shoes,P789,Shoes Model,Dell,1,4882,0.1,3661.5,4393.8,732.3,UPI,Consumer,Standard,4,Yes,4.8
ORD00186,2024-05-24,CUST1185,Customer 186,Female,30,East,West Bengal,Kolkata,Clothing,Shirt,P398,Shirt Model,Samsung,5,3941,0.0,2955.75,19705.0,4926.25,Cash,Home Office,Standard,4,No,4.4
ORD00187,2024-09-09,CUST1186,Customer 187,Male,52,South,Tamil Nadu,Chennai,Furniture,Chair,P454,Chair Model,Dell,1,3559,0.0,2669.25,3559.0,889.75,Card,Consumer,Express,7,No,3.7
ORD00188,2024-09-28,CUST1187,Customer 188,Male,20,South,Tamil Nadu,Chennai,Groceries,Milk,P337,Milk Model,Nike,1,1366,0.1,1024.5,1229.4,204.9,Cash,Corporate,Express,6,Yes,4.4
ORD00189,2024-09-15,CUST1188,Customer 189,Female,60,South,Tamil Nadu,Chennai,Groceries,Rice,P233,Rice Model,HP,5,4851,0.0,3638.25,24255.0,6063.75,Card,Corporate,Express,7,No,4.6
ORD00190,2024-06-16,CUST1189,Customer 190,Male,55,East,West Bengal,Kolkata,Groceries,Milk,P211,Milk Model,HP,2,811,0.05,608.25,1540.9,324.4,UPI,Consumer,Express,4,No,4.1
ORD00191,2024-10-01,CUST1190,Customer 191,Male,23,East,West Bengal,Kolkata,Furniture,Table,P261,Table Model,Samsung,3,3995,0.1,2996.25,10786.5,1797.75,Cash,Home Office,Standard,2,No,3.7
ORD00192,2024-12-30,CUST1191,Customer 192,Female,29,South,Tamil Nadu,Chennai,Clothing,Shoes,P131,Shoes Model,Nike,5,601,0.1,450.75,2704.5,450.75,Card,Home Office,Standard,1,No,3.7
ORD00193,2024-03-12,CUST1192,Customer 193,Female,41,North,Delhi,New Delhi,Electronics,Laptop,P802,Laptop Model,Dell,2,1270,0.05,952.5,2413.0,508.0,Cash,Home Office,Express,7,Yes,3.5
ORD00194,2024-02-03,CUST1193,Customer 194,Male,47,South,Tamil Nadu,Chennai,Groceries,Rice,P151,Rice Model,HP,1,2916,0.0,2187.0,2916.0,729.0,Cash,Corporate,Express,4,Yes,4.1
ORD00195,2024-08-06,CUST1194,Customer 195,Female,27,South,Tamil Nadu,Chennai,Clothing,Shirt,P135,Shirt Model,HP,2,2452,0.1,1839.0,4413.6,735.6,Cash,Corporate,Express,4,No,3.6
ORD00196,2024-05-23,CUST1195,Customer 196,Male,42,West,Maharashtra,Mumbai,Furniture,Table,P900,Table Model,Samsung,2,4507,0.05,3380.25,8563.3,1802.8,Card,Home Office,Express,3,No,4.1
ORD00197,2024-04-02,CUST1196,Customer 197,Female,51,North,Delhi,New Delhi,Clothing,Shirt,P466,Shirt Model,HP,1,2501,0.0,1875.75,2501.0,625.25,UPI,Consumer,Standard,6,Yes,3.9
ORD00198,2024-01-29,CUST1197,Customer 198,Female,40,South,Tamil Nadu,Chennai,Groceries,Milk,P705,Milk Model,Dell,2,1642,0.05,1231.5,3119.8,656.8,Cash,Home Office,Express,5,Yes,4.3
ORD00199,2024-04-06,CUST1198,Customer 199,Male,32,West,Maharashtra,Mumbai,Clothing,Shirt,P716,Shirt Model,HP,4,510,0.0,382.5,2040.0,510.0,UPI,Home Office,Express,1,No,4.9
ORD00200,2024-04-13,CUST1199,Customer 200,Male,55,South,Tamil Nadu,Chennai,Clothing,Shirt,P821,Shirt Model,HP,3,687,0.0,515.25,2061.0,515.25,UPI,Home Office,Express,1,No,4.6
ORD00201,2024-12-05,CUST1200,Customer 201,Male,45,West,Maharashtra,Mumbai,Electronics,Phone,P910,Phone Model,Nike,3,2842,0.05,2131.5,8099.7,1705.2,Cash,Corporate,Standard,6,No,3.8
ORD00202,2024-10-28,CUST1201,Customer 202,Male,54,South,Tamil Nadu,Chennai,Groceries,Milk,P500,Milk Model,Dell,3,1243,0.05,932.25,3542.55,745.8,UPI,Home Office,Express,7,Yes,4.5
ORD00203,2024-02-23,CUST1202,Customer 203,Female,28,West,Maharashtra,Mumbai,Furniture,Table,P751,Table Model,Dell,1,2149,0.1,1611.75,1934.1,322.35,Cash,Home Office,Express,4,Yes,3.9
ORD00204,2024-05-07,CUST1203,Customer 204,Female,46,North,Delhi,New Delhi,Clothing,Shoes,P850,Shoes Model,Nike,1,210,0.0,157.5,210.0,52.5,UPI,Corporate,Express,4,No,4.3
ORD00205,2024-02-21,CUST1204,Customer 205,Female,19,West,Maharashtra,Mumbai,Furniture,Chair,P426,Chair Model,Samsung,4,803,0.0,602.25,3212.0,803.0,UPI,Consumer,Express,2,No,3.7
ORD00206,2024-02-08,CUST1205,Customer 206,Female,28,North,Delhi,New Delhi,Clothing,Shoes,P154,Shoes Model,Dell,1,3733,0.05,2799.75,3546.35,746.6,Card,Consumer,Standard,4,No,4.5
ORD00207,2024-06-01,CUST1206,Customer 207,Male,21,South,Tamil Nadu,Chennai,Electronics,Laptop,P469,Laptop Model,Dell,4,4883,0.15,3662.25,16602.2,1953.2,Card,Consumer,Express,7,No,3.8
ORD00208,2024-01-14,CUST1207,Customer 208,Female,43,South,Tamil Nadu,Chennai,Furniture,Table,P582,Table Model,Nike,1,4079,0.0,3059.25,4079.0,1019.75,Cash,Corporate,Standard,6,No,3.8
ORD00209,2024-07-14,CUST1208,Customer 209,Female,34,East,West Bengal,Kolkata,Furniture,Table,P331,Table Model,Samsung,1,2356,0.15,1767.0,2002.6,235.6,Cash,Consumer,Standard,7,Yes,3.6
ORD00210,2024-06-25,CUST1209,Customer 210,Female,54,West,Maharashtra,Mumbai,Furniture,Chair,P341,Chair Model,Nike,4,4480,0.15,3360.0,15232.0,1792.0,Card,Consumer,Express,7,Yes,4.3
ORD00211,2024-09-21,CUST1210,Customer 211,Male,26,South,Tamil Nadu,Chennai,Electronics,Phone,P143,Phone Model,Nike,2,1569,0.05,1176.75,2981.1,627.6,UPI,Home Office,Express,2,Yes,4.8
ORD00212,2024-05-12,CUST1211,Customer 212,Female,35,East,West Bengal,Kolkata,Electronics,Laptop,P632,Laptop Model,Nike,4,4757,0.15,3567.75,16173.8,1902.8,UPI,Home Office,Express,1,No,3.7
ORD00213,2024-10-17,CUST1212,Customer 213,Female,34,North,Delhi,New Delhi,Electronics,Laptop,P492,Laptop Model,Nike,3,4587,0.1,3440.25,12384.9,2064.15,Cash,Home Office,Express,1,Yes,3.9
ORD00214,2024-03-14,CUST1213,Customer 214,Female,35,West,Maharashtra,Mumbai,Electronics,Phone,P481,Phone Model,Dell,3,2146,0.0,1609.5,6438.0,1609.5,Card,Corporate,Express,3,No,4.8
ORD00215,2024-12-16,CUST1214,Customer 215,Female,44,North,Delhi,New Delhi,Furniture,Chair,P719,Chair Model,Dell,3,3829,0.1,2871.75,10338.3,1723.05,UPI,Corporate,Standard,7,No,4.6
ORD00216,2024-09-21,CUST1215,Customer 216,Male,51,East,West Bengal,Kolkata,Electronics,Laptop,P682,Laptop Model,Dell,1,2748,0.15,2061.0,2335.8,274.8,UPI,Consumer,Standard,7,Yes,3.9
ORD00217,2024-08-21,CUST1216,Customer 217,Female,58,North,Delhi,New Delhi,Clothing,Shirt,P226,Shirt Model,Dell,3,3217,0.15,2412.75,8203.35,965.1,UPI,Corporate,Express,5,No,3.8
ORD00218,2024-08-30,CUST1217,Customer 218,Male,42,East,West Bengal,Kolkata,Clothing,Shirt,P150,Shirt Model,HP,3,940,0.1,705.0,2538.0,423.0,Cash,Consumer,Standard,6,Yes,4.5
ORD00219,2024-05-17,CUST1218,Customer 219,Male,32,West,Maharashtra,Mumbai,Electronics,Laptop,P358,Laptop Model,Samsung,4,1283,0.05,962.25,4875.4,1026.4,Cash,Home Office,Express,4,No,4.8
ORD00220,2024-08-23,CUST1219,Customer 220,Male,18,East,West Bengal,Kolkata,Furniture,Table,P623,Table Model,Samsung,3,4465,0.15,3348.75,11385.75,1339.5,Cash,Home Office,Express,3,Yes,4.2
ORD00221,2024-06-21,CUST1220,Customer 221,Male,51,East,West Bengal,Kolkata,Clothing,Shoes,P883,Shoes Model,HP,3,2647,0.05,1985.25,7543.95,1588.2,UPI,Home Office,Express,6,No,4.5
ORD00222,2024-01-14,CUST1221,Customer 222,Male,55,West,Maharashtra,Mumbai,Clothing,Shoes,P825,Shoes Model,HP,4,3514,0.15,2635.5,11947.6,1405.6,Card,Home Office,Standard,6,No,4.9
ORD00223,2024-12-09,CUST1222,Customer 223,Male,48,East,West Bengal,Kolkata,Clothing,Shirt,P231,Shirt Model,Samsung,5,1683,0.1,1262.25,7573.5,1262.25,Cash,Home Office,Standard,6,No,4.5
ORD00224,2024-04-23,CUST1223,Customer 224,Female,55,East,West Bengal,Kolkata,Furniture,Table,P401,Table Model,Nike,4,2914,0.1,2185.5,10490.4,1748.4,UPI,Corporate,Standard,7,Yes,4.2
ORD00225,2024-04-09,CUST1224,Customer 225,Male,30,North,Delhi,New Delhi,Groceries,Milk,P450,Milk Model,Nike,4,642,0.05,481.5,2439.6,513.6,Cash,Corporate,Standard,3,Yes,4.7
ORD00226,2024-09-06,CUST1225,Customer 226,Female,31,East,West Bengal,Kolkata,Furniture,Table,P879,Table Model,HP,1,238,0.15,178.5,202.3,23.8,Cash,Consumer,Express,7,Yes,3.7
ORD00227,2024-08-10,CUST1226,Customer 227,Male,52,West,Maharashtra,Mumbai,Groceries,Milk,P304,Milk Model,Samsung,4,3340,0.0,2505.0,13360.0,3340.0,UPI,Corporate,Standard,1,Yes,4.4
ORD00228,2024-05-07,CUST1227,Customer 228,Female,28,South,Tamil Nadu,Chennai,Clothing,Shoes,P166,Shoes Model,Dell,2,1041,0.15,780.75,1769.7,208.2,Card,Corporate,Express,6,No,4.2
ORD00229,2024-12-17,CUST1228,Customer 229,Female,19,South,Tamil Nadu,Chennai,Clothing,Shoes,P333,Shoes Model,HP,3,1743,0.05,1307.25,4967.55,1045.8,Cash,Consumer,Standard,6,Yes,4.4
ORD00230,2024-03-27,CUST1229,Customer 230,Male,60,North,Delhi,New Delhi,Clothing,Shirt,P210,Shirt Model,Dell,4,2295,0.0,1721.25,9180.0,2295.0,UPI,Home Office,Standard,4,No,4.1
ORD00231,2024-10-07,CUST1230,Customer 231,Female,60,East,West Bengal,Kolkata,Groceries,Rice,P203,Rice Model,Samsung,2,276,0.1,207.0,496.8,82.8,Cash,Home Office,Standard,4,Yes,4.3
ORD00232,2024-11-12,CUST1231,Customer 232,Male,34,North,Delhi,New Delhi,Clothing,Shirt,P951,Shirt Model,HP,1,4277,0.05,3207.75,4063.15,855.4,Card,Home Office,Express,3,Yes,3.6
ORD00233,2024-09-11,CUST1232,Customer 233,Male,25,South,Tamil Nadu,Chennai,Groceries,Milk,P955,Milk Model,Nike,2,222,0.0,166.5,444.0,111.0,UPI,Consumer,Standard,6,Yes,4.9
ORD00234,2024-11-25,CUST1233,Customer 234,Male,29,South,Tamil Nadu,Chennai,Groceries,Milk,P995,Milk Model,Dell,3,4003,0.0,3002.25,12009.0,3002.25,Card,Corporate,Express,4,Yes,3.6
ORD00235,2024-01-24,CUST1234,Customer 235,Female,23,North,Delhi,New Delhi,Furniture,Chair,P481,Chair Model,Samsung,3,3128,0.15,2346.0,7976.4,938.4,UPI,Consumer,Express,4,No,3.9
ORD00236,2024-07-16,CUST1235,Customer 236,Male,24,West,Maharashtra,Mumbai,Groceries,Rice,P526,Rice Model,Nike,1,1285,0.0,963.75,1285.0,321.25,Cash,Home Office,Express,2,No,4.7
ORD00237,2024-11-09,CUST1236,Customer 237,Female,20,North,Delhi,New Delhi,Furniture,Table,P164,Table Model,Samsung,4,1125,0.15,843.75,3825.0,450.0,Cash,Corporate,Standard,6,Yes,5.0
ORD00238,2024-12-08,CUST1237,Customer 238,Female,27,East,West Bengal,Kolkata,Electronics,Phone,P959,Phone Model,Dell,2,4147,0.1,3110.25,7464.6,1244.1,UPI,Home Office,Standard,5,No,4.8
ORD00239,2024-03-25,CUST1238,Customer 239,Male,50,North,Delhi,New Delhi,Groceries,Milk,P328,Milk Model,Nike,2,2910,0.1,2182.5,5238.0,873.0,Card,Consumer,Standard,4,No,4.7
ORD00240,2024-08-17,CUST1239,Customer 240,Male,24,North,Delhi,New Delhi,Groceries,Milk,P513,Milk Model,Nike,3,1172,0.15,879.0,2988.6,351.6,UPI,Home Office,Standard,7,Yes,4.7
ORD00241,2024-11-12,CUST1240,Customer 241,Male,47,East,West Bengal,Kolkata,Furniture,Table,P439,Table Model,Nike,3,3176,0.0,2382.0,9528.0,2382.0,Cash,Home Office,Express,6,No,3.7
ORD00242,2024-12-03,CUST1241,Customer 242,Male,20,South,Tamil Nadu,Chennai,Electronics,Phone,P268,Phone Model,Nike,3,2591,0.1,1943.25,6995.7,1165.95,UPI,Home Office,Express,1,No,4.4
ORD00243,2024-04-06,CUST1242,Customer 243,Male,44,North,Delhi,New Delhi,Groceries,Rice,P147,Rice Model,Dell,4,1761,0.1,1320.75,6339.6,1056.6,Card,Corporate,Standard,4,Yes,4.3
ORD00244,2024-01-25,CUST1243,Customer 244,Male,42,West,Maharashtra,Mumbai,Groceries,Rice,P773,Rice Model,Samsung,5,1622,0.05,1216.5,7704.5,1622.0,Cash,Corporate,Express,5,Yes,3.9
ORD00245,2024-06-24,CUST1244,Customer 245,Female,53,East,West Bengal,Kolkata,Groceries,Rice,P747,Rice Model,HP,2,3581,0.1,2685.75,6445.8,1074.3,UPI,Consumer,Express,6,No,4.9
ORD00246,2024-03-08,CUST1245,Customer 246,Female,52,South,Tamil Nadu,Chennai,Clothing,Shirt,P392,Shirt Model,Nike,3,4806,0.15,3604.5,12255.3,1441.8,UPI,Home Office,Standard,1,No,3.7
ORD00247,2024-12-09,CUST1246,Customer 247,Male,21,North,Delhi,New Delhi,Furniture,Table,P807,Table Model,Samsung,2,2547,0.1,1910.25,4584.6,764.1,UPI,Home Office,Standard,3,No,3.7
ORD00248,2024-12-11,CUST1247,Customer 248,Female,42,South,Tamil Nadu,Chennai,Groceries,Rice,P526,Rice Model,Samsung,5,2556,0.0,1917.0,12780.0,3195.0,Cash,Consumer,Standard,6,No,3.8
ORD00249,2024-08-14,CUST1248,Customer 249,Male,22,South,Tamil Nadu,Chennai,Clothing,Shirt,P291,Shirt Model,HP,2,2609,0.15,1956.75,4435.3,521.8,Cash,Home Office,Standard,4,Yes,4.1
ORD00250,2024-10-11,CUST1249,Customer 250,Female,47,East,West Bengal,Kolkata,Furniture,Chair,P826,Chair Model,HP,5,2289,0.0,1716.75,11445.0,2861.25,UPI,Consumer,Express,5,Yes,4.7
ORD00251,2024-11-16,CUST1250,Customer 251,Male,51,East,West Bengal,Kolkata,Groceries,Milk,P169,Milk Model,HP,1,2803,0.05,2102.25,2662.85,560.6,Card,Home Office,Express,1,No,3.8
ORD00252,2024-04-19,CUST1251,Customer 252,Male,25,East,West Bengal,Kolkata,Clothing,Shoes,P784,Shoes Model,Samsung,3,1989,0.15,1491.75,5071.95,596.7,Card,Consumer,Standard,1,No,4.1
ORD00253,2024-02-28,CUST1252,Customer 253,Female,49,West,Maharashtra,Mumbai,Clothing,Shoes,P144,Shoes Model,Samsung,1,4434,0.1,3325.5,3990.6,665.1,Cash,Consumer,Express,5,Yes,4.9
ORD00254,2024-03-26,CUST1253,Customer 254,Male,52,North,Delhi,New Delhi,Electronics,Laptop,P948,Laptop Model,Nike,2,3675,0.0,2756.25,7350.0,1837.5,Cash,Consumer,Standard,1,No,4.6
ORD00255,2024-01-20,CUST1254,Customer 255,Male,34,North,Delhi,New Delhi,Electronics,Laptop,P517,Laptop Model,Nike,2,2263,0.0,1697.25,4526.0,1131.5,Card,Home Office,Express,4,No,3.5
ORD00256,2024-12-10,CUST1255,Customer 256,Female,50,North,Delhi,New Delhi,Electronics,Laptop,P208,Laptop Model,Samsung,5,572,0.0,429.0,2860.0,715.0,Cash,Corporate,Standard,3,No,4.1
ORD00257,2024-12-04,CUST1256,Customer 257,Female,52,North,Delhi,New Delhi,Groceries,Rice,P402,Rice Model,HP,5,2001,0.05,1500.75,9504.75,2001.0,Card,Home Office,Express,1,Yes,3.7
ORD00258,2024-01-03,CUST1257,Customer 258,Female,59,West,Maharashtra,Mumbai,Electronics,Phone,P971,Phone Model,HP,2,3016,0.05,2262.0,5730.4,1206.4,UPI,Consumer,Standard,5,No,3.8
ORD00259,2024-04-02,CUST1258,Customer 259,Male,30,North,Delhi,New Delhi,Groceries,Rice,P843,Rice Model,Nike,3,751,0.1,563.25,2027.7,337.95,Card,Corporate,Standard,6,Yes,3.7
ORD00260,2024-11-13,CUST1259,Customer 260,Female,55,North,Delhi,New Delhi,Furniture,Table,P256,Table Model,Samsung,4,3891,0.1,2918.25,14007.6,2334.6,Card,Corporate,Standard,1,No,3.9
ORD00261,2024-04-23,CUST1260,Customer 261,Female,46,West,Maharashtra,Mumbai,Clothing,Shoes,P467,Shoes Model,Samsung,2,2916,0.15,2187.0,4957.2,583.2,Card,Home Office,Standard,2,Yes,4.8
ORD00262,2024-03-12,CUST1261,Customer 262,Female,55,South,Tamil Nadu,Chennai,Clothing,Shirt,P317,Shirt Model,Dell,1,352,0.0,264.0,352.0,88.0,Cash,Corporate,Express,6,Yes,4.0
ORD00263,2024-04-24,CUST1262,Customer 263,Female,41,East,West Bengal,Kolkata,Furniture,Table,P614,Table Model,Dell,5,4381,0.0,3285.75,21905.0,5476.25,Cash,Consumer,Standard,7,Yes,4.2
ORD00264,2024-04-01,CUST1263,Customer 264,Male,22,South,Tamil Nadu,Chennai,Groceries,Milk,P370,Milk Model,Samsung,1,1992,0.15,1494.0,1693.2,199.2,UPI,Consumer,Standard,5,No,4.1
ORD00265,2024-08-20,CUST1264,Customer 265,Female,55,North,Delhi,New Delhi,Electronics,Phone,P657,Phone Model,HP,1,4471,0.1,3353.25,4023.9,670.65,Card,Home Office,Express,3,Yes,4.3
ORD00266,2024-07-11,CUST1265,Customer 266,Male,50,South,Tamil Nadu,Chennai,Groceries,Milk,P242,Milk Model,Nike,3,4188,0.15,3141.0,10679.4,1256.4,UPI,Consumer,Standard,5,No,3.8
ORD00267,2024-04-05,CUST1266,Customer 267,Male,48,South,Tamil Nadu,Chennai,Clothing,Shirt,P791,Shirt Model,Nike,2,3596,0.1,2697.0,6472.8,1078.8,Card,Consumer,Standard,6,No,3.5
ORD00268,2024-01-23,CUST1267,Customer 268,Male,28,South,Tamil Nadu,Chennai,Furniture,Chair,P364,Chair Model,HP,5,521,0.05,390.75,2474.75,521.0,Cash,Corporate,Standard,6,No,4.9
ORD00269,2024-04-20,CUST1268,Customer 269,Male,55,West,Maharashtra,Mumbai,Groceries,Milk,P940,Milk Model,HP,2,1997,0.15,1497.75,3394.9,399.4,Cash,Home Office,Express,2,No,4.9
ORD00270,2024-11-01,CUST1269,Customer 270,Male,30,North,Delhi,New Delhi,Furniture,Table,P635,Table Model,Nike,4,1283,0.0,962.25,5132.0,1283.0,UPI,Home Office,Standard,2,No,4.9
ORD00271,2024-11-03,CUST1270,Customer 271,Female,51,North,Delhi,New Delhi,Electronics,Laptop,P530,Laptop Model,Samsung,4,1267,0.0,950.25,5068.0,1267.0,UPI,Home Office,Express,2,No,4.7
ORD00272,2024-07-14,CUST1271,Customer 272,Male,23,East,West Bengal,Kolkata,Electronics,Phone,P390,Phone Model,Nike,2,2285,0.15,1713.75,3884.5,457.0,Card,Consumer,Standard,6,Yes,4.4
ORD00273,2024-03-01,CUST1272,Customer 273,Male,27,North,Delhi,New Delhi,Groceries,Rice,P536,Rice Model,Samsung,3,3549,0.1,2661.75,9582.3,1597.05,Card,Home Office,Express,5,No,4.4
ORD00274,2024-12-14,CUST1273,Customer 274,Male,41,West,Maharashtra,Mumbai,Furniture,Table,P672,Table Model,Nike,5,4767,0.15,3575.25,20259.75,2383.5,Card,Corporate,Express,7,No,4.6
ORD00275,2024-12-03,CUST1274,Customer 275,Female,39,North,Delhi,New Delhi,Furniture,Table,P920,Table Model,Dell,2,1021,0.05,765.75,1939.9,408.4,UPI,Corporate,Standard,7,Yes,4.7
ORD00276,2024-08-29,CUST1275,Customer 276,Male,56,West,Maharashtra,Mumbai,Electronics,Laptop,P138,Laptop Model,Nike,3,2016,0.1,1512.0,5443.2,907.2,Card,Home Office,Express,6,Yes,4.9
ORD00277,2024-03-30,CUST1276,Customer 277,Male,20,West,Maharashtra,Mumbai,Groceries,Rice,P902,Rice Model,HP,2,4444,0.1,3333.0,7999.2,1333.2,Cash,Consumer,Standard,3,Yes,4.5
ORD00278,2024-03-21,CUST1277,Customer 278,Male,51,North,Delhi,New Delhi,Clothing,Shoes,P115,Shoes Model,Dell,3,3437,0.15,2577.75,8764.35,1031.1,UPI,Home Office,Express,6,No,4.0
ORD00279,2024-05-21,CUST1278,Customer 279,Female,29,South,Tamil Nadu,Chennai,Furniture,Table,P516,Table Model,Dell,4,4909,0.0,3681.75,19636.0,4909.0,Cash,Consumer,Express,3,Yes,4.7
ORD00280,2024-05-11,CUST1279,Customer 280,Female,47,East,West Bengal,Kolkata,Groceries,Milk,P797,Milk Model,Nike,5,4161,0.05,3120.75,19764.75,4161.0,Cash,Consumer,Express,1,No,3.6
ORD00281,2024-11-20,CUST1280,Customer 281,Female,33,South,Tamil Nadu,Chennai,Furniture,Table,P394,Table Model,Dell,4,3092,0.0,2319.0,12368.0,3092.0,Card,Home Office,Express,1,Yes,4.2
ORD00282,2024-06-30,CUST1281,Customer 282,Male,33,South,Tamil Nadu,Chennai,Clothing,Shirt,P993,Shirt Model,Samsung,2,4287,0.05,3215.25,8145.3,1714.8,UPI,Consumer,Standard,7,Yes,4.8
ORD00283,2024-07-01,CUST1282,Customer 283,Male,48,South,Tamil Nadu,Chennai,Electronics,Laptop,P480,Laptop Model,Samsung,1,4235,0.0,3176.25,4235.0,1058.75,Card,Home Office,Express,4,Yes,5.0
ORD00284,2024-09-18,CUST1283,Customer 284,Female,48,East,West Bengal,Kolkata,Groceries,Rice,P653,Rice Model,Dell,5,1250,0.0,937.5,6250.0,1562.5,Cash,Corporate,Express,7,Yes,4.2
ORD00285,2024-03-02,CUST1284,Customer 285,Male,38,West,Maharashtra,Mumbai,Clothing,Shirt,P470,Shirt Model,Samsung,1,1926,0.15,1444.5,1637.1,192.6,UPI,Home Office,Express,2,No,4.2
ORD00286,2024-11-09,CUST1285,Customer 286,Female,41,East,West Bengal,Kolkata,Clothing,Shirt,P473,Shirt Model,Nike,4,3672,0.05,2754.0,13953.6,2937.6,Card,Corporate,Standard,5,Yes,5.0
ORD00287,2024-12-17,CUST1286,Customer 287,Female,30,South,Tamil Nadu,Chennai,Electronics,Phone,P249,Phone Model,HP,2,4749,0.15,3561.75,8073.3,949.8,Card,Consumer,Standard,4,No,3.7
ORD00288,2024-11-18,CUST1287,Customer 288,Female,24,East,West Bengal,Kolkata,Groceries,Milk,P807,Milk Model,HP,3,4805,0.0,3603.75,14415.0,3603.75,UPI,Consumer,Express,4,Yes,4.2
ORD00289,2024-06-20,CUST1288,Customer 289,Female,19,East,West Bengal,Kolkata,Clothing,Shoes,P521,Shoes Model,Dell,5,4766,0.1,3574.5,21447.0,3574.5,Card,Home Office,Standard,5,Yes,5.0
ORD00290,2024-05-25,CUST1289,Customer 290,Female,47,East,West Bengal,Kolkata,Clothing,Shoes,P746,Shoes Model,HP,4,842,0.15,631.5,2862.8,336.8,UPI,Home Office,Express,4,No,4.8
ORD00291,2024-02-06,CUST1290,Customer 291,Female,35,North,Delhi,New Delhi,Furniture,Table,P719,Table Model,Nike,2,2768,0.1,2076.0,4982.4,830.4,Card,Corporate,Express,6,No,4.1
ORD00292,2024-04-04,CUST1291,Customer 292,Male,43,North,Delhi,New Delhi,Furniture,Chair,P205,Chair Model,Dell,3,855,0.05,641.25,2436.75,513.0,UPI,Corporate,Standard,1,No,4.3
ORD00293,2024-02-12,CUST1292,Customer 293,Male,33,North,Delhi,New Delhi,Clothing,Shirt,P855,Shirt Model,Samsung,1,3393,0.1,2544.75,3053.7,508.95,Card,Home Office,Standard,2,Yes,3.5
ORD00294,2024-12-05,CUST1293,Customer 294,Female,26,East,West Bengal,Kolkata,Clothing,Shoes,P814,Shoes Model,HP,4,4628,0.1,3471.0,16660.8,2776.8,Cash,Home Office,Express,6,No,4.3
ORD00295,2024-11-23,CUST1294,Customer 295,Female,37,East,West Bengal,Kolkata,Clothing,Shoes,P474,Shoes Model,Nike,5,2060,0.0,1545.0,10300.0,2575.0,Card,Consumer,Express,1,Yes,4.3
ORD00296,2024-03-10,CUST1295,Customer 296,Female,37,East,West Bengal,Kolkata,Clothing,Shoes,P109,Shoes Model,Nike,5,268,0.15,201.0,1139.0,134.0,Card,Home Office,Standard,7,Yes,4.3
ORD00297,2024-04-06,CUST1296,Customer 297,Female,32,West,Maharashtra,Mumbai,Groceries,Milk,P369,Milk Model,Dell,2,1537,0.15,1152.75,2612.9,307.4,Card,Home Office,Standard,5,No,3.9
ORD00298,2024-09-29,CUST1297,Customer 298,Female,25,East,West Bengal,Kolkata,Groceries,Rice,P752,Rice Model,Nike,1,1694,0.05,1270.5,1609.3,338.8,Cash,Corporate,Express,6,No,3.8
ORD00299,2024-01-10,CUST1298,Customer 299,Female,26,South,Tamil Nadu,Chennai,Electronics,Laptop,P832,Laptop Model,Nike,2,1037,0.1,777.75,1866.6,311.1,Cash,Consumer,Standard,1,Yes,3.5
ORD00300,2024-04-21,CUST1299,Customer 300,Male,39,East,West Bengal,Kolkata,Groceries,Milk,P182,Milk Model,HP,4,3242,0.15,2431.5,11022.8,1296.8,UPI,Corporate,Express,1,No,3.8
ORD00301,2024-05-08,CUST1300,Customer 301,Male,20,West,Maharashtra,Mumbai,Electronics,Laptop,P303,Laptop Model,Nike,2,3352,0.15,2514.0,5698.4,670.4,Cash,Consumer,Standard,4,No,4.5
ORD00302,2024-06-08,CUST1301,Customer 302,Female,48,East,West Bengal,Kolkata,Furniture,Chair,P753,Chair Model,Samsung,5,4467,0.0,3350.25,22335.0,5583.75,UPI,Corporate,Standard,7,Yes,5.0
ORD00303,2024-04-30,CUST1302,Customer 303,Female,33,West,Maharashtra,Mumbai,Clothing,Shirt,P109,Shirt Model,Dell,2,2461,0.0,1845.75,4922.0,1230.5,Cash,Home Office,Express,6,Yes,4.1
ORD00304,2024-02-15,CUST1303,Customer 304,Male,40,South,Tamil Nadu,Chennai,Furniture,Table,P760,Table Model,HP,1,2972,0.0,2229.0,2972.0,743.0,Cash,Home Office,Standard,2,No,3.8
ORD00305,2024-10-12,CUST1304,Customer 305,Male,34,East,West Bengal,Kolkata,Groceries,Rice,P140,Rice Model,Nike,1,3294,0.1,2470.5,2964.6,494.1,Cash,Corporate,Express,5,No,3.8
ORD00306,2024-04-05,CUST1305,Customer 306,Male,51,East,West Bengal,Kolkata,Clothing,Shoes,P258,Shoes Model,Nike,3,4742,0.05,3556.5,13514.7,2845.2,Card,Corporate,Express,4,Yes,4.7
ORD00307,2024-09-16,CUST1306,Customer 307,Female,22,West,Maharashtra,Mumbai,Furniture,Chair,P774,Chair Model,Nike,5,3182,0.05,2386.5,15114.5,3182.0,UPI,Home Office,Express,7,Yes,4.4
ORD00308,2024-06-14,CUST1307,Customer 308,Male,26,West,Maharashtra,Mumbai,Clothing,Shirt,P282,Shirt Model,Dell,1,4486,0.0,3364.5,4486.0,1121.5,UPI,Consumer,Express,2,Yes,3.5
ORD00309,2024-11-24,CUST1308,Customer 309,Male,18,West,Maharashtra,Mumbai,Groceries,Milk,P313,Milk Model,Nike,1,3201,0.05,2400.75,3040.95,640.2,UPI,Corporate,Standard,3,No,4.7
ORD00310,2024-12-28,CUST1309,Customer 310,Male,51,North,Delhi,New Delhi,Clothing,Shirt,P199,Shirt Model,Dell,1,2689,0.0,2016.75,2689.0,672.25,Cash,Consumer,Express,2,Yes,4.3
ORD00311,2024-05-07,CUST1310,Customer 311,Female,24,South,Tamil Nadu,Chennai,Groceries,Rice,P270,Rice Model,HP,5,3132,0.15,2349.0,13311.0,1566.0,Cash,Corporate,Express,6,Yes,4.3
ORD00312,2024-11-03,CUST1311,Customer 312,Female,58,West,Maharashtra,Mumbai,Clothing,Shoes,P540,Shoes Model,Samsung,5,2859,0.1,2144.25,12865.5,2144.25,Cash,Consumer,Standard,4,No,4.0
ORD00313,2024-08-19,CUST1312,Customer 313,Male,37,West,Maharashtra,Mumbai,Groceries,Rice,P106,Rice Model,Samsung,1,2530,0.0,1897.5,2530.0,632.5,UPI,Consumer,Express,1,No,4.9
ORD00314,2024-09-18,CUST1313,Customer 314,Male,34,South,Tamil Nadu,Chennai,Electronics,Laptop,P475,Laptop Model,HP,4,3113,0.05,2334.75,11829.4,2490.4,UPI,Corporate,Express,1,No,4.4
ORD00315,2024-04-21,CUST1314,Customer 315,Female,20,North,Delhi,New Delhi,Clothing,Shoes,P848,Shoes Model,Nike,2,4199,0.0,3149.25,8398.0,2099.5,UPI,Consumer,Express,3,No,4.1
ORD00316,2024-03-02,CUST1315,Customer 316,Female,52,South,Tamil Nadu,Chennai,Electronics,Phone,P678,Phone Model,HP,1,2696,0.0,2022.0,2696.0,674.0,Card,Home Office,Standard,2,Yes,4.5
ORD00317,2024-07-20,CUST1316,Customer 317,Male,26,West,Maharashtra,Mumbai,Electronics,Laptop,P444,Laptop Model,Dell,4,2573,0.15,1929.75,8748.2,1029.2,Card,Home Office,Standard,5,No,3.9
ORD00318,2024-07-23,CUST1317,Customer 318,Female,43,West,Maharashtra,Mumbai,Furniture,Chair,P767,Chair Model,HP,4,4781,0.05,3585.75,18167.8,3824.8,Cash,Home Office,Standard,2,Yes,3.9
ORD00319,2024-08-08,CUST1318,Customer 319,Female,30,East,West Bengal,Kolkata,Electronics,Laptop,P428,Laptop Model,Samsung,4,3669,0.1,2751.75,13208.4,2201.4,Cash,Home Office,Standard,7,No,3.8
ORD00320,2024-06-28,CUST1319,Customer 320,Female,27,West,Maharashtra,Mumbai,Furniture,Table,P875,Table Model,Dell,1,2112,0.05,1584.0,2006.4,422.4,UPI,Home Office,Standard,2,Yes,4.8
ORD00321,2024-05-27,CUST1320,Customer 321,Male,39,North,Delhi,New Delhi,Clothing,Shirt,P314,Shirt Model,HP,3,3886,0.15,2914.5,9909.3,1165.8,UPI,Home Office,Express,5,No,4.4
ORD00322,2024-03-13,CUST1321,Customer 322,Female,30,North,Delhi,New Delhi,Groceries,Rice,P908,Rice Model,Samsung,3,1595,0.0,1196.25,4785.0,1196.25,UPI,Corporate,Standard,1,No,4.5
ORD00323,2024-12-05,CUST1322,Customer 323,Female,50,East,West Bengal,Kolkata,Electronics,Laptop,P826,Laptop Model,Dell,3,3366,0.05,2524.5,9593.1,2019.6,Card,Corporate,Standard,2,Yes,4.3
ORD00324,2024-08-22,CUST1323,Customer 324,Female,43,North,Delhi,New Delhi,Electronics,Laptop,P862,Laptop Model,HP,5,2697,0.1,2022.75,12136.5,2022.75,UPI,Corporate,Express,3,No,3.9
ORD00325,2024-09-13,CUST1324,Customer 325,Male,27,East,West Bengal,Kolkata,Electronics,Phone,P449,Phone Model,Nike,4,441,0.1,330.75,1587.6,264.6,Cash,Consumer,Standard,6,No,4.3
ORD00326,2024-12-13,CUST1325,Customer 326,Female,56,South,Tamil Nadu,Chennai,Groceries,Rice,P437,Rice Model,Nike,5,1451,0.15,1088.25,6166.75,725.5,Cash,Consumer,Standard,6,Yes,4.4
ORD00327,2024-12-16,CUST1326,Customer 327,Male,59,South,Tamil Nadu,Chennai,Furniture,Table,P678,Table Model,HP,5,1307,0.15,980.25,5554.75,653.5,Card,Consumer,Standard,2,No,4.8
ORD00328,2024-03-15,CUST1327,Customer 328,Female,27,North,Delhi,New Delhi,Clothing,Shoes,P897,Shoes Model,HP,4,2685,0.15,2013.75,9129.0,1074.0,UPI,Consumer,Standard,1,No,4.4
ORD00329,2024-11-09,CUST1328,Customer 329,Female,26,South,Tamil Nadu,Chennai,Furniture,Chair,P614,Chair Model,Nike,1,3143,0.0,2357.25,3143.0,785.75,Cash,Home Office,Express,2,No,4.2
ORD00330,2024-03-11,CUST1329,Customer 330,Female,44,South,Tamil Nadu,Chennai,Furniture,Chair,P327,Chair Model,HP,1,3547,0.0,2660.25,3547.0,886.75,UPI,Consumer,Standard,4,No,4.5
ORD00331,2024-08-22,CUST1330,Customer 331,Female,57,South,Tamil Nadu,Chennai,Groceries,Milk,P860,Milk Model,Dell,1,3316,0.1,2487.0,2984.4,497.4,Cash,Consumer,Express,4,Yes,4.8
ORD00332,2024-05-05,CUST1331,Customer 332,Female,46,West,Maharashtra,Mumbai,Electronics,Phone,P507,Phone Model,Samsung,5,603,0.05,452.25,2864.25,603.0,Card,Corporate,Standard,4,No,4.4
ORD00333,2024-01-28,CUST1332,Customer 333,Male,55,South,Tamil Nadu,Chennai,Groceries,Milk,P812,Milk Model,HP,1,4301,0.0,3225.75,4301.0,1075.25,Card,Corporate,Express,4,Yes,3.8
ORD00334,2024-10-29,CUST1333,Customer 334,Male,23,South,Tamil Nadu,Chennai,Groceries,Rice,P216,Rice Model,Nike,3,2854,0.05,2140.5,8133.9,1712.4,Cash,Corporate,Standard,5,No,4.6
ORD00335,2024-09-18,CUST1334,Customer 335,Male,28,South,Tamil Nadu,Chennai,Groceries,Milk,P989,Milk Model,HP,1,1599,0.1,1199.25,1439.1,239.85,UPI,Home Office,Standard,4,No,4.0
ORD00336,2024-08-16,CUST1335,Customer 336,Female,18,East,West Bengal,Kolkata,Furniture,Chair,P569,Chair Model,Nike,2,1861,0.0,1395.75,3722.0,930.5,Card,Home Office,Standard,5,No,3.9
ORD00337,2024-10-28,CUST1336,Customer 337,Male,53,West,Maharashtra,Mumbai,Groceries,Milk,P384,Milk Model,HP,4,850,0.0,637.5,3400.0,850.0,UPI,Consumer,Standard,1,No,3.6
ORD00338,2024-01-17,CUST1337,Customer 338,Male,28,East,West Bengal,Kolkata,Clothing,Shirt,P788,Shirt Model,Samsung,1,1092,0.15,819.0,928.2,109.2,Cash,Home Office,Standard,4,No,4.9
ORD00339,2024-02-17,CUST1338,Customer 339,Male,36,East,West Bengal,Kolkata,Clothing,Shoes,P582,Shoes Model,HP,4,754,0.15,565.5,2563.6,301.6,UPI,Home Office,Express,3,No,4.3
ORD00340,2024-12-22,CUST1339,Customer 340,Female,56,South,Tamil Nadu,Chennai,Electronics,Laptop,P907,Laptop Model,Samsung,5,4533,0.0,3399.75,22665.0,5666.25,Card,Home Office,Express,3,No,4.9
ORD00341,2024-11-10,CUST1340,Customer 341,Male,18,West,Maharashtra,Mumbai,Groceries,Milk,P221,Milk Model,Dell,2,2106,0.1,1579.5,3790.8,631.8,Card,Home Office,Standard,6,Yes,4.7
ORD00342,2024-07-31,CUST1341,Customer 342,Male,58,West,Maharashtra,Mumbai,Electronics,Phone,P306,Phone Model,Samsung,3,4790,0.05,3592.5,13651.5,2874.0,Card,Consumer,Express,3,No,4.7
ORD00343,2024-02-28,CUST1342,Customer 343,Male,39,East,West Bengal,Kolkata,Clothing,Shoes,P953,Shoes Model,Samsung,5,438,0.05,328.5,2080.5,438.0,Cash,Corporate,Express,7,Yes,4.5
ORD00344,2024-09-03,CUST1343,Customer 344,Female,54,South,Tamil Nadu,Chennai,Groceries,Milk,P842,Milk Model,Samsung,4,3591,0.0,2693.25,14364.0,3591.0,Cash,Home Office,Standard,2,No,4.7
ORD00345,2024-06-30,CUST1344,Customer 345,Male,54,North,Delhi,New Delhi,Furniture,Table,P720,Table Model,Nike,1,2978,0.15,2233.5,2531.3,297.8,UPI,Home Office,Standard,7,No,4.6
ORD00346,2024-06-10,CUST1345,Customer 346,Female,46,North,Delhi,New Delhi,Clothing,Shoes,P949,Shoes Model,Samsung,1,4271,0.05,3203.25,4057.45,854.2,UPI,Home Office,Express,2,Yes,4.1
ORD00347,2024-01-20,CUST1346,Customer 347,Male,30,South,Tamil Nadu,Chennai,Electronics,Phone,P448,Phone Model,Nike,5,404,0.15,303.0,1717.0,202.0,Cash,Home Office,Express,7,No,3.7
ORD00348,2024-02-20,CUST1347,Customer 348,Male,37,South,Tamil Nadu,Chennai,Furniture,Chair,P145,Chair Model,Dell,4,3375,0.0,2531.25,13500.0,3375.0,Card,Corporate,Standard,1,No,3.5
ORD00349,2024-06-08,CUST1348,Customer 349,Female,46,South,Tamil Nadu,Chennai,Clothing,Shirt,P787,Shirt Model,Dell,2,2547,0.1,1910.25,4584.6,764.1,Card,Consumer,Standard,3,Yes,3.5
ORD00350,2024-11-14,CUST1349,Customer 350,Male,36,North,Delhi,New Delhi,Furniture,Table,P687,Table Model,HP,5,2809,0.1,2106.75,12640.5,2106.75,UPI,Consumer,Express,5,No,4.3
ORD00351,2024-01-26,CUST1350,Customer 351,Male,23,South,Tamil Nadu,Chennai,Electronics,Phone,P536,Phone Model,Nike,1,1067,0.15,800.25,906.95,106.7,UPI,Home Office,Express,5,No,4.0
ORD00352,2024-04-11,CUST1351,Customer 352,Female,37,North,Delhi,New Delhi,Groceries,Rice,P800,Rice Model,Nike,1,4036,0.0,3027.0,4036.0,1009.0,Card,Consumer,Standard,2,No,4.9
ORD00353,2024-07-19,CUST1352,Customer 353,Male,48,South,Tamil Nadu,Chennai,Clothing,Shoes,P215,Shoes Model,Samsung,4,4193,0.0,3144.75,16772.0,4193.0,Card,Corporate,Standard,3,No,4.4
ORD00354,2024-03-06,CUST1353,Customer 354,Female,52,North,Delhi,New Delhi,Groceries,Rice,P572,Rice Model,Nike,3,4755,0.0,3566.25,14265.0,3566.25,Cash,Corporate,Standard,5,Yes,4.3
ORD00355,2024-09-03,CUST1354,Customer 355,Female,52,West,Maharashtra,Mumbai,Electronics,Phone,P810,Phone Model,HP,2,3731,0.15,2798.25,6342.7,746.2,UPI,Home Office,Standard,6,No,3.7
ORD00356,2024-11-01,CUST1355,Customer 356,Female,22,West,Maharashtra,Mumbai,Clothing,Shirt,P712,Shirt Model,Dell,4,1643,0.1,1232.25,5914.8,985.8,Cash,Home Office,Express,3,No,4.5
ORD00357,2024-02-01,CUST1356,Customer 357,Male,46,North,Delhi,New Delhi,Furniture,Chair,P644,Chair Model,Samsung,5,201,0.05,150.75,954.75,201.0,Card,Home Office,Express,2,Yes,4.5
ORD00358,2024-06-11,CUST1357,Customer 358,Female,26,East,West Bengal,Kolkata,Clothing,Shoes,P972,Shoes Model,Samsung,3,931,0.0,698.25,2793.0,698.25,UPI,Corporate,Standard,1,No,3.7
ORD00359,2024-05-24,CUST1358,Customer 359,Female,43,North,Delhi,New Delhi,Furniture,Table,P490,Table Model,Nike,5,3429,0.1,2571.75,15430.5,2571.75,Cash,Consumer,Standard,4,Yes,3.8
ORD00360,2024-07-15,CUST1359,Customer 360,Male,22,East,West Bengal,Kolkata,Groceries,Rice,P763,Rice Model,Dell,3,1228,0.05,921.0,3499.8,736.8,UPI,Home Office,Express,6,No,5.0
ORD00361,2024-03-10,CUST1360,Customer 361,Female,50,North,Delhi,New Delhi,Furniture,Table,P534,Table Model,Nike,4,3687,0.05,2765.25,14010.6,2949.6,Card,Corporate,Standard,2,No,4.4
ORD00362,2024-10-22,CUST1361,Customer 362,Male,20,West,Maharashtra,Mumbai,Furniture,Table,P681,Table Model,Nike,4,4674,0.1,3505.5,16826.4,2804.4,Cash,Corporate,Standard,5,No,4.9
ORD00363,2024-02-10,CUST1362,Customer 363,Male,48,South,Tamil Nadu,Chennai,Clothing,Shoes,P745,Shoes Model,Dell,5,840,0.0,630.0,4200.0,1050.0,Cash,Home Office,Express,5,Yes,4.9
ORD00364,2024-09-30,CUST1363,Customer 364,Female,40,North,Delhi,New Delhi,Groceries,Milk,P917,Milk Model,Samsung,5,4043,0.1,3032.25,18193.5,3032.25,Card,Consumer,Standard,6,No,4.6
ORD00365,2024-10-15,CUST1364,Customer 365,Female,57,East,West Bengal,Kolkata,Electronics,Phone,P127,Phone Model,Samsung,5,1585,0.0,1188.75,7925.0,1981.25,Card,Consumer,Standard,5,Yes,4.8
ORD00366,2024-05-22,CUST1365,Customer 366,Male,56,East,West Bengal,Kolkata,Furniture,Table,P278,Table Model,HP,3,2304,0.0,1728.0,6912.0,1728.0,Cash,Corporate,Express,7,Yes,3.9
ORD00367,2024-12-24,CUST1366,Customer 367,Male,27,South,Tamil Nadu,Chennai,Groceries,Rice,P709,Rice Model,HP,5,471,0.1,353.25,2119.5,353.25,Card,Corporate,Express,2,No,4.6
ORD00368,2024-03-26,CUST1367,Customer 368,Male,47,South,Tamil Nadu,Chennai,Clothing,Shirt,P508,Shirt Model,Nike,3,1150,0.0,862.5,3450.0,862.5,Card,Corporate,Standard,4,No,4.2
ORD00369,2024-03-15,CUST1368,Customer 369,Male,24,West,Maharashtra,Mumbai,Electronics,Phone,P644,Phone Model,Samsung,4,3329,0.1,2496.75,11984.4,1997.4,Card,Home Office,Express,3,No,3.9
ORD00370,2024-02-20,CUST1369,Customer 370,Male,38,East,West Bengal,Kolkata,Groceries,Milk,P660,Milk Model,Dell,2,1796,0.1,1347.0,3232.8,538.8,Cash,Consumer,Standard,1,No,3.6
ORD00371,2024-02-23,CUST1370,Customer 371,Male,19,West,Maharashtra,Mumbai,Clothing,Shirt,P734,Shirt Model,Dell,3,2263,0.05,1697.25,6449.55,1357.8,UPI,Home Office,Standard,5,Yes,4.6
ORD00372,2024-03-02,CUST1371,Customer 372,Male,34,North,Delhi,New Delhi,Furniture,Table,P401,Table Model,Nike,5,1713,0.0,1284.75,8565.0,2141.25,Cash,Consumer,Express,3,No,4.5
ORD00373,2024-12-07,CUST1372,Customer 373,Female,42,East,West Bengal,Kolkata,Clothing,Shirt,P440,Shirt Model,Dell,1,2471,0.0,1853.25,2471.0,617.75,Card,Corporate,Standard,4,Yes,4.2
ORD00374,2024-04-12,CUST1373,Customer 374,Male,57,West,Maharashtra,Mumbai,Furniture,Table,P758,Table Model,Dell,1,1378,0.15,1033.5,1171.3,137.8,Card,Home Office,Express,1,Yes,3.6
ORD00375,2024-10-19,CUST1374,Customer 375,Male,60,East,West Bengal,Kolkata,Groceries,Rice,P499,Rice Model,Samsung,4,1419,0.0,1064.25,5676.0,1419.0,UPI,Home Office,Express,4,Yes,4.3
ORD00376,2024-09-08,CUST1375,Customer 376,Male,42,West,Maharashtra,Mumbai,Groceries,Milk,P805,Milk Model,Nike,1,4624,0.05,3468.0,4392.8,924.8,UPI,Home Office,Express,3,No,4.1
ORD00377,2024-11-19,CUST1376,Customer 377,Male,29,North,Delhi,New Delhi,Clothing,Shoes,P667,Shoes Model,Dell,1,3965,0.1,2973.75,3568.5,594.75,Card,Home Office,Standard,3,No,4.8
ORD00378,2024-11-18,CUST1377,Customer 378,Male,30,East,West Bengal,Kolkata,Groceries,Rice,P125,Rice Model,HP,4,1752,0.05,1314.0,6657.6,1401.6,Card,Corporate,Standard,7,No,4.2
ORD00379,2024-08-18,CUST1378,Customer 379,Female,25,North,Delhi,New Delhi,Electronics,Phone,P316,Phone Model,Nike,1,2966,0.0,2224.5,2966.0,741.5,Cash,Home Office,Standard,6,Yes,4.9
ORD00380,2024-01-19,CUST1379,Customer 380,Male,18,South,Tamil Nadu,Chennai,Groceries,Rice,P276,Rice Model,Dell,4,575,0.05,431.25,2185.0,460.0,Card,Consumer,Express,5,Yes,4.8
ORD00381,2024-02-02,CUST1380,Customer 381,Male,45,North,Delhi,New Delhi,Electronics,Phone,P445,Phone Model,Nike,5,2006,0.0,1504.5,10030.0,2507.5,Card,Consumer,Standard,3,Yes,4.6
ORD00382,2024-10-30,CUST1381,Customer 382,Female,28,South,Tamil Nadu,Chennai,Clothing,Shirt,P813,Shirt Model,Samsung,1,2443,0.05,1832.25,2320.85,488.6,Cash,Consumer,Express,2,Yes,3.7
ORD00383,2024-11-19,CUST1382,Customer 383,Male,29,West,Maharashtra,Mumbai,Furniture,Chair,P191,Chair Model,Samsung,4,861,0.0,645.75,3444.0,861.0,Card,Home Office,Express,6,Yes,3.8
ORD00384,2024-11-23,CUST1383,Customer 384,Male,49,East,West Bengal,Kolkata,Groceries,Milk,P726,Milk Model,Dell,2,1629,0.0,1221.75,3258.0,814.5,Cash,Corporate,Express,4,Yes,4.3
ORD00385,2024-04-08,CUST1384,Customer 385,Female,58,North,Delhi,New Delhi,Electronics,Phone,P775,Phone Model,HP,5,4357,0.05,3267.75,20695.75,4357.0,Card,Consumer,Standard,1,Yes,4.5
ORD00386,2024-08-30,CUST1385,Customer 386,Female,31,West,Maharashtra,Mumbai,Furniture,Chair,P545,Chair Model,Samsung,1,642,0.1,481.5,577.8,96.3,Card,Home Office,Express,1,Yes,4.6
ORD00387,2024-10-02,CUST1386,Customer 387,Male,33,South,Tamil Nadu,Chennai,Furniture,Chair,P838,Chair Model,Nike,4,4418,0.0,3313.5,17672.0,4418.0,Cash,Home Office,Express,4,Yes,4.6
ORD00388,2024-06-15,CUST1387,Customer 388,Female,30,South,Tamil Nadu,Chennai,Electronics,Phone,P484,Phone Model,HP,2,1003,0.05,752.25,1905.7,401.2,UPI,Corporate,Express,1,No,3.7
ORD00389,2024-11-08,CUST1388,Customer 389,Male,58,West,Maharashtra,Mumbai,Furniture,Table,P467,Table Model,Samsung,3,1317,0.15,987.75,3358.35,395.1,UPI,Corporate,Standard,1,Yes,3.9
ORD00390,2024-02-26,CUST1389,Customer 390,Female,56,West,Maharashtra,Mumbai,Groceries,Milk,P260,Milk Model,HP,2,3014,0.05,2260.5,5726.6,1205.6,Cash,Home Office,Standard,1,No,4.8
ORD00391,2024-09-07,CUST1390,Customer 391,Male,33,South,Tamil Nadu,Chennai,Groceries,Milk,P435,Milk Model,Nike,3,318,0.15,238.5,810.9,95.4,Cash,Consumer,Standard,5,Yes,4.1
ORD00392,2024-01-23,CUST1391,Customer 392,Female,24,North,Delhi,New Delhi,Groceries,Rice,P563,Rice Model,Nike,4,4550,0.15,3412.5,15470.0,1820.0,UPI,Consumer,Standard,6,No,4.9
ORD00393,2024-03-08,CUST1392,Customer 393,Female,28,East,West Bengal,Kolkata,Clothing,Shirt,P820,Shirt Model,Nike,1,330,0.15,247.5,280.5,33.0,Cash,Home Office,Standard,4,No,4.7
ORD00394,2024-12-26,CUST1393,Customer 394,Female,39,West,Maharashtra,Mumbai,Furniture,Table,P643,Table Model,Dell,4,211,0.0,158.25,844.0,211.0,Card,Corporate,Express,6,Yes,4.7
ORD00395,2024-02-11,CUST1394,Customer 395,Female,47,East,West Bengal,Kolkata,Electronics,Phone,P733,Phone Model,Dell,1,1109,0.15,831.75,942.65,110.9,Card,Corporate,Standard,6,Yes,4.3
ORD00396,2024-04-14,CUST1395,Customer 396,Male,32,South,Tamil Nadu,Chennai,Clothing,Shirt,P428,Shirt Model,Samsung,5,1130,0.15,847.5,4802.5,565.0,Card,Home Office,Express,3,Yes,3.6
ORD00397,2024-06-25,CUST1396,Customer 397,Female,57,West,Maharashtra,Mumbai,Groceries,Rice,P476,Rice Model,Dell,4,4557,0.1,3417.75,16405.2,2734.2,UPI,Corporate,Standard,1,No,4.8
ORD00398,2024-05-27,CUST1397,Customer 398,Female,27,North,Delhi,New Delhi,Electronics,Laptop,P995,Laptop Model,HP,3,1117,0.05,837.75,3183.45,670.2,Cash,Home Office,Standard,3,No,5.0
ORD00399,2024-10-04,CUST1398,Customer 399,Female,30,South,Tamil Nadu,Chennai,Groceries,Milk,P164,Milk Model,Dell,4,3836,0.0,2877.0,15344.0,3836.0,UPI,Home Office,Express,4,No,4.5
ORD00400,2024-06-16,CUST1399,Customer 400,Female,28,West,Maharashtra,Mumbai,Groceries,Milk,P908,Milk Model,Samsung,3,4846,0.05,3634.5,13811.1,2907.6,UPI,Corporate,Express,3,Yes,3.7
ORD00401,2024-05-25,CUST1400,Customer 401,Male,60,West,Maharashtra,Mumbai,Furniture,Chair,P913,Chair Model,HP,5,2536,0.05,1902.0,12046.0,2536.0,UPI,Consumer,Standard,1,No,4.4
ORD00402,2024-08-13,CUST1401,Customer 402,Female,40,East,West Bengal,Kolkata,Clothing,Shirt,P251,Shirt Model,Samsung,2,4807,0.0,3605.25,9614.0,2403.5,Card,Home Office,Standard,5,No,3.7
ORD00403,2024-01-13,CUST1402,Customer 403,Male,52,West,Maharashtra,Mumbai,Groceries,Rice,P619,Rice Model,Samsung,4,2823,0.05,2117.25,10727.4,2258.4,Cash,Home Office,Express,4,No,5.0
ORD00404,2024-10-20,CUST1403,Customer 404,Male,53,South,Tamil Nadu,Chennai,Groceries,Milk,P219,Milk Model,Samsung,1,4123,0.0,3092.25,4123.0,1030.75,UPI,Corporate,Standard,4,No,3.6
ORD00405,2024-01-29,CUST1404,Customer 405,Female,60,South,Tamil Nadu,Chennai,Furniture,Table,P189,Table Model,Nike,2,384,0.0,288.0,768.0,192.0,UPI,Corporate,Express,5,Yes,4.9
ORD00406,2024-07-03,CUST1405,Customer 406,Male,36,West,Maharashtra,Mumbai,Furniture,Table,P453,Table Model,Samsung,3,3363,0.1,2522.25,9080.1,1513.35,Card,Corporate,Standard,2,No,4.6
ORD00407,2024-07-31,CUST1406,Customer 407,Male,27,West,Maharashtra,Mumbai,Clothing,Shirt,P312,Shirt Model,Samsung,4,3593,0.05,2694.75,13653.4,2874.4,Card,Home Office,Express,1,No,3.6
ORD00408,2024-07-28,CUST1407,Customer 408,Male,29,East,West Bengal,Kolkata,Groceries,Rice,P952,Rice Model,Nike,5,3985,0.05,2988.75,18928.75,3985.0,Card,Home Office,Express,1,No,4.8
ORD00409,2024-06-04,CUST1408,Customer 409,Female,37,West,Maharashtra,Mumbai,Groceries,Rice,P755,Rice Model,Nike,1,220,0.05,165.0,209.0,44.0,UPI,Home Office,Express,4,Yes,4.2
ORD00410,2024-12-18,CUST1409,Customer 410,Female,55,South,Tamil Nadu,Chennai,Electronics,Laptop,P592,Laptop Model,Nike,3,4239,0.0,3179.25,12717.0,3179.25,Card,Home Office,Express,6,Yes,4.1
ORD00411,2024-10-21,CUST1410,Customer 411,Female,47,North,Delhi,New Delhi,Clothing,Shirt,P999,Shirt Model,HP,5,679,0.05,509.25,3225.25,679.0,Card,Consumer,Standard,3,No,4.1
ORD00412,2024-07-01,CUST1411,Customer 412,Male,24,North,Delhi,New Delhi,Clothing,Shoes,P713,Shoes Model,HP,5,829,0.05,621.75,3937.75,829.0,Cash,Corporate,Express,7,No,3.9
ORD00413,2024-12-23,CUST1412,Customer 413,Female,41,East,West Bengal,Kolkata,Electronics,Phone,P897,Phone Model,Nike,2,305,0.05,228.75,579.5,122.0,Card,Corporate,Standard,1,Yes,3.7
ORD00414,2024-04-23,CUST1413,Customer 414,Male,19,South,Tamil Nadu,Chennai,Electronics,Phone,P591,Phone Model,Samsung,4,825,0.0,618.75,3300.0,825.0,Card,Home Office,Express,2,No,4.8
ORD00415,2024-11-01,CUST1414,Customer 415,Male,27,East,West Bengal,Kolkata,Furniture,Table,P804,Table Model,HP,1,1171,0.05,878.25,1112.45,234.2,Card,Consumer,Standard,2,Yes,4.1
ORD00416,2024-02-27,CUST1415,Customer 416,Male,20,North,Delhi,New Delhi,Electronics,Phone,P912,Phone Model,Dell,4,548,0.05,411.0,2082.4,438.4,Card,Consumer,Express,1,Yes,4.0
ORD00417,2024-01-06,CUST1416,Customer 417,Female,19,North,Delhi,New Delhi,Electronics,Laptop,P192,Laptop Model,HP,5,1838,0.05,1378.5,8730.5,1838.0,Cash,Corporate,Express,3,Yes,4.8
ORD00418,2024-11-09,CUST1417,Customer 418,Male,36,South,Tamil Nadu,Chennai,Electronics,Laptop,P275,Laptop Model,Dell,5,314,0.05,235.5,1491.5,314.0,Cash,Consumer,Standard,5,No,4.0
ORD00419,2024-10-28,CUST1418,Customer 419,Female,31,South,Tamil Nadu,Chennai,Groceries,Rice,P626,Rice Model,HP,2,3106,0.15,2329.5,5280.2,621.2,Card,Consumer,Express,1,No,3.7
ORD00420,2024-03-10,CUST1419,Customer 420,Female,49,West,Maharashtra,Mumbai,Clothing,Shoes,P218,Shoes Model,Nike,5,532,0.0,399.0,2660.0,665.0,Card,Corporate,Express,6,No,3.8
ORD00421,2024-07-27,CUST1420,Customer 421,Male,18,East,West Bengal,Kolkata,Groceries,Rice,P790,Rice Model,Nike,1,4096,0.1,3072.0,3686.4,614.4,Cash,Consumer,Express,4,Yes,3.7
ORD00422,2024-07-21,CUST1421,Customer 422,Female,30,West,Maharashtra,Mumbai,Electronics,Laptop,P709,Laptop Model,Nike,1,3179,0.05,2384.25,3020.05,635.8,UPI,Consumer,Express,6,No,3.9
ORD00423,2024-10-24,CUST1422,Customer 423,Female,27,East,West Bengal,Kolkata,Groceries,Milk,P886,Milk Model,Nike,4,3513,0.15,2634.75,11944.2,1405.2,UPI,Consumer,Express,4,No,3.8
ORD00424,2024-03-09,CUST1423,Customer 424,Male,42,North,Delhi,New Delhi,Electronics,Laptop,P719,Laptop Model,Samsung,1,4280,0.0,3210.0,4280.0,1070.0,UPI,Corporate,Standard,7,Yes,4.5
ORD00425,2024-09-23,CUST1424,Customer 425,Female,52,West,Maharashtra,Mumbai,Groceries,Rice,P451,Rice Model,Dell,3,4278,0.15,3208.5,10908.9,1283.4,UPI,Corporate,Standard,4,No,4.0
ORD00426,2024-07-11,CUST1425,Customer 426,Male,49,West,Maharashtra,Mumbai,Groceries,Rice,P541,Rice Model,HP,1,1648,0.1,1236.0,1483.2,247.2,Card,Home Office,Express,4,Yes,4.4
ORD00427,2024-09-08,CUST1426,Customer 427,Female,49,West,Maharashtra,Mumbai,Groceries,Rice,P705,Rice Model,Nike,5,656,0.15,492.0,2788.0,328.0,Cash,Home Office,Express,7,No,4.0
ORD00428,2024-01-15,CUST1427,Customer 428,Female,42,North,Delhi,New Delhi,Furniture,Table,P199,Table Model,Nike,3,4983,0.0,3737.25,14949.0,3737.25,Card,Corporate,Express,3,Yes,4.5
ORD00429,2024-05-06,CUST1428,Customer 429,Female,28,South,Tamil Nadu,Chennai,Clothing,Shirt,P120,Shirt Model,Samsung,1,2697,0.0,2022.75,2697.0,674.25,UPI,Corporate,Express,5,No,3.9
ORD00430,2024-12-22,CUST1429,Customer 430,Female,54,West,Maharashtra,Mumbai,Electronics,Phone,P200,Phone Model,Nike,4,4872,0.15,3654.0,16564.8,1948.8,UPI,Home Office,Standard,3,No,4.3
ORD00431,2024-12-07,CUST1430,Customer 431,Female,58,East,West Bengal,Kolkata,Furniture,Table,P967,Table Model,Dell,3,3771,0.05,2828.25,10747.35,2262.6,Cash,Consumer,Express,3,Yes,3.9
ORD00432,2024-10-20,CUST1431,Customer 432,Female,22,West,Maharashtra,Mumbai,Furniture,Chair,P680,Chair Model,Nike,5,976,0.1,732.0,4392.0,732.0,Card,Consumer,Express,7,Yes,4.5
ORD00433,2024-06-03,CUST1432,Customer 433,Female,57,East,West Bengal,Kolkata,Groceries,Milk,P627,Milk Model,Nike,2,3594,0.15,2695.5,6109.8,718.8,Cash,Home Office,Standard,1,Yes,4.4
ORD00434,2024-04-19,CUST1433,Customer 434,Female,47,West,Maharashtra,Mumbai,Clothing,Shoes,P251,Shoes Model,HP,5,690,0.05,517.5,3277.5,690.0,UPI,Home Office,Express,7,No,4.1
ORD00435,2024-02-02,CUST1434,Customer 435,Male,43,South,Tamil Nadu,Chennai,Groceries,Milk,P344,Milk Model,Dell,3,1515,0.1,1136.25,4090.5,681.75,UPI,Consumer,Standard,2,No,4.2
ORD00436,2024-10-13,CUST1435,Customer 436,Male,19,West,Maharashtra,Mumbai,Groceries,Rice,P364,Rice Model,Samsung,2,1505,0.1,1128.75,2709.0,451.5,Cash,Home Office,Standard,6,Yes,4.9
ORD00437,2024-09-05,CUST1436,Customer 437,Female,41,North,Delhi,New Delhi,Electronics,Laptop,P787,Laptop Model,Dell,3,2641,0.0,1980.75,7923.0,1980.75,Card,Home Office,Standard,2,Yes,4.4
ORD00438,2024-09-13,CUST1437,Customer 438,Female,39,North,Delhi,New Delhi,Clothing,Shoes,P952,Shoes Model,Nike,1,2150,0.0,1612.5,2150.0,537.5,Cash,Home Office,Standard,4,Yes,3.7
ORD00439,2024-03-30,CUST1438,Customer 439,Female,52,South,Tamil Nadu,Chennai,Clothing,Shoes,P483,Shoes Model,Dell,4,2283,0.0,1712.25,9132.0,2283.0,Card,Home Office,Express,4,Yes,4.9
ORD00440,2024-03-15,CUST1439,Customer 440,Male,60,East,West Bengal,Kolkata,Groceries,Milk,P345,Milk Model,Samsung,3,372,0.0,279.0,1116.0,279.0,Cash,Corporate,Express,6,No,4.9
ORD00441,2024-12-16,CUST1440,Customer 441,Female,37,North,Delhi,New Delhi,Furniture,Table,P192,Table Model,HP,4,264,0.15,198.0,897.6,105.6,Card,Consumer,Standard,4,No,4.8
ORD00442,2024-11-25,CUST1441,Customer 442,Female,39,West,Maharashtra,Mumbai,Electronics,Phone,P834,Phone Model,Nike,1,4227,0.15,3170.25,3592.95,422.7,UPI,Consumer,Express,5,Yes,4.0
ORD00443,2024-11-04,CUST1442,Customer 443,Male,18,East,West Bengal,Kolkata,Groceries,Rice,P510,Rice Model,HP,1,1705,0.15,1278.75,1449.25,170.5,Cash,Corporate,Express,5,Yes,3.7
ORD00444,2024-05-07,CUST1443,Customer 444,Female,29,South,Tamil Nadu,Chennai,Groceries,Milk,P803,Milk Model,Samsung,4,4118,0.05,3088.5,15648.4,3294.4,Card,Consumer,Standard,4,No,3.8
ORD00445,2024-07-12,CUST1444,Customer 445,Female,30,South,Tamil Nadu,Chennai,Electronics,Laptop,P368,Laptop Model,HP,5,2073,0.0,1554.75,10365.0,2591.25,UPI,Corporate,Express,5,No,3.7
ORD00446,2024-07-07,CUST1445,Customer 446,Female,25,South,Tamil Nadu,Chennai,Electronics,Laptop,P329,Laptop Model,HP,5,3764,0.15,2823.0,15997.0,1882.0,UPI,Corporate,Express,6,No,4.1
ORD00447,2024-08-08,CUST1446,Customer 447,Female,27,South,Tamil Nadu,Chennai,Furniture,Table,P129,Table Model,Samsung,2,3626,0.05,2719.5,6889.4,1450.4,Card,Consumer,Express,2,No,4.4
ORD00448,2024-11-27,CUST1447,Customer 448,Female,31,West,Maharashtra,Mumbai,Electronics,Laptop,P830,Laptop Model,Nike,4,1291,0.1,968.25,4647.6,774.6,Cash,Corporate,Express,1,Yes,4.3
ORD00449,2024-01-27,CUST1448,Customer 449,Female,50,East,West Bengal,Kolkata,Furniture,Table,P734,Table Model,Nike,3,572,0.0,429.0,1716.0,429.0,Card,Corporate,Express,2,Yes,4.4
ORD00450,2024-05-13,CUST1449,Customer 450,Female,51,South,Tamil Nadu,Chennai,Groceries,Milk,P543,Milk Model,HP,4,1280,0.0,960.0,5120.0,1280.0,Card,Consumer,Express,1,Yes,4.2
ORD00451,2024-05-23,CUST1450,Customer 451,Female,28,East,West Bengal,Kolkata,Groceries,Milk,P423,Milk Model,Nike,3,2360,0.1,1770.0,6372.0,1062.0,UPI,Home Office,Express,1,Yes,3.7
ORD00452,2024-04-27,CUST1451,Customer 452,Female,25,South,Tamil Nadu,Chennai,Electronics,Phone,P606,Phone Model,Dell,3,1539,0.15,1154.25,3924.45,461.7,Card,Corporate,Express,4,No,3.7
ORD00453,2024-03-16,CUST1452,Customer 453,Male,50,North,Delhi,New Delhi,Clothing,Shirt,P942,Shirt Model,Samsung,2,2527,0.05,1895.25,4801.3,1010.8,Cash,Home Office,Standard,5,Yes,4.3
ORD00454,2024-10-19,CUST1453,Customer 454,Female,19,South,Tamil Nadu,Chennai,Groceries,Rice,P391,Rice Model,Dell,2,4280,0.0,3210.0,8560.0,2140.0,Card,Corporate,Standard,7,No,3.7
ORD00455,2024-02-11,CUST1454,Customer 455,Male,59,West,Maharashtra,Mumbai,Groceries,Milk,P737,Milk Model,Nike,3,247,0.1,185.25,666.9,111.15,Card,Home Office,Standard,2,Yes,4.7
ORD00456,2024-05-24,CUST1455,Customer 456,Female,34,East,West Bengal,Kolkata,Electronics,Laptop,P282,Laptop Model,HP,5,3324,0.0,2493.0,16620.0,4155.0,Card,Consumer,Standard,7,Yes,3.7
ORD00457,2024-07-25,CUST1456,Customer 457,Female,56,East,West Bengal,Kolkata,Furniture,Chair,P234,Chair Model,Samsung,3,4221,0.15,3165.75,10763.55,1266.3,Cash,Consumer,Express,5,Yes,4.2
ORD00458,2024-07-17,CUST1457,Customer 458,Male,45,West,Maharashtra,Mumbai,Clothing,Shoes,P745,Shoes Model,Nike,1,3661,0.1,2745.75,3294.9,549.15,UPI,Consumer,Express,4,Yes,4.5
ORD00459,2024-03-20,CUST1458,Customer 459,Female,37,West,Maharashtra,Mumbai,Electronics,Phone,P252,Phone Model,HP,4,3782,0.0,2836.5,15128.0,3782.0,Cash,Corporate,Standard,5,No,3.9
ORD00460,2024-01-25,CUST1459,Customer 460,Male,47,North,Delhi,New Delhi,Electronics,Laptop,P776,Laptop Model,Samsung,5,3680,0.15,2760.0,15640.0,1840.0,Card,Corporate,Standard,7,Yes,3.7
ORD00461,2024-12-04,CUST1460,Customer 461,Female,37,West,Maharashtra,Mumbai,Furniture,Chair,P421,Chair Model,Nike,4,570,0.0,427.5,2280.0,570.0,Cash,Corporate,Express,3,Yes,3.8
ORD00462,2024-02-10,CUST1461,Customer 462,Female,25,East,West Bengal,Kolkata,Electronics,Phone,P113,Phone Model,HP,5,346,0.0,259.5,1730.0,432.5,Cash,Corporate,Express,6,No,4.8
ORD00463,2024-11-04,CUST1462,Customer 463,Male,26,West,Maharashtra,Mumbai,Clothing,Shoes,P114,Shoes Model,HP,4,2679,0.0,2009.25,10716.0,2679.0,UPI,Consumer,Standard,7,Yes,3.8
ORD00464,2024-11-28,CUST1463,Customer 464,Female,47,South,Tamil Nadu,Chennai,Furniture,Table,P251,Table Model,Nike,5,1763,0.0,1322.25,8815.0,2203.75,Card,Consumer,Standard,2,Yes,4.6
ORD00465,2024-08-15,CUST1464,Customer 465,Male,36,West,Maharashtra,Mumbai,Groceries,Rice,P683,Rice Model,Nike,4,4994,0.05,3745.5,18977.2,3995.2,UPI,Corporate,Standard,1,No,5.0
ORD00466,2024-09-10,CUST1465,Customer 466,Male,21,East,West Bengal,Kolkata,Electronics,Phone,P640,Phone Model,Dell,4,4182,0.15,3136.5,14218.8,1672.8,Card,Home Office,Express,5,Yes,3.9
ORD00467,2024-11-27,CUST1466,Customer 467,Female,19,West,Maharashtra,Mumbai,Groceries,Rice,P265,Rice Model,Samsung,4,3040,0.15,2280.0,10336.0,1216.0,Cash,Consumer,Express,3,No,3.8
ORD00468,2024-04-22,CUST1467,Customer 468,Female,48,East,West Bengal,Kolkata,Groceries,Rice,P918,Rice Model,HP,3,3397,0.15,2547.75,8662.35,1019.1,Cash,Consumer,Express,6,Yes,4.5
ORD00469,2024-03-07,CUST1468,Customer 469,Female,49,South,Tamil Nadu,Chennai,Furniture,Chair,P410,Chair Model,HP,5,4231,0.0,3173.25,21155.0,5288.75,UPI,Home Office,Standard,1,No,4.8
ORD00470,2024-07-01,CUST1469,Customer 470,Male,57,South,Tamil Nadu,Chennai,Furniture,Chair,P332,Chair Model,Dell,1,2966,0.15,2224.5,2521.1,296.6,Cash,Consumer,Express,3,No,4.7
ORD00471,2024-01-24,CUST1470,Customer 471,Male,24,East,West Bengal,Kolkata,Furniture,Chair,P900,Chair Model,Dell,1,3786,0.15,2839.5,3218.1,378.6,Cash,Consumer,Standard,2,Yes,4.8
ORD00472,2024-07-04,CUST1471,Customer 472,Male,59,South,Tamil Nadu,Chennai,Clothing,Shoes,P472,Shoes Model,Samsung,5,4282,0.0,3211.5,21410.0,5352.5,UPI,Consumer,Standard,4,No,4.7
ORD00473,2024-01-04,CUST1472,Customer 473,Male,35,South,Tamil Nadu,Chennai,Groceries,Milk,P481,Milk Model,Nike,3,4337,0.05,3252.75,12360.45,2602.2,Card,Home Office,Standard,2,No,4.7
ORD00474,2024-03-11,CUST1473,Customer 474,Male,46,West,Maharashtra,Mumbai,Groceries,Milk,P249,Milk Model,Dell,4,4428,0.1,3321.0,15940.8,2656.8,Cash,Home Office,Standard,1,No,4.0
ORD00475,2024-03-25,CUST1474,Customer 475,Female,44,West,Maharashtra,Mumbai,Electronics,Phone,P511,Phone Model,Samsung,1,1436,0.0,1077.0,1436.0,359.0,Cash,Home Office,Express,3,Yes,4.7
ORD00476,2024-09-27,CUST1475,Customer 476,Female,59,South,Tamil Nadu,Chennai,Groceries,Milk,P514,Milk Model,HP,2,4659,0.15,3494.25,7920.3,931.8,Card,Consumer,Standard,5,No,4.1
ORD00477,2024-03-05,CUST1476,Customer 477,Female,58,East,West Bengal,Kolkata,Furniture,Chair,P263,Chair Model,Dell,5,4720,0.1,3540.0,21240.0,3540.0,UPI,Home Office,Express,2,No,4.6
ORD00478,2024-09-15,CUST1477,Customer 478,Male,21,North,Delhi,New Delhi,Electronics,Phone,P874,Phone Model,Dell,3,4357,0.1,3267.75,11763.9,1960.65,Card,Corporate,Standard,4,No,5.0
ORD00479,2024-10-24,CUST1478,Customer 479,Female,51,South,Tamil Nadu,Chennai,Clothing,Shoes,P855,Shoes Model,HP,3,4892,0.05,3669.0,13942.2,2935.2,UPI,Corporate,Standard,7,No,4.2
ORD00480,2024-03-16,CUST1479,Customer 480,Male,48,West,Maharashtra,Mumbai,Groceries,Rice,P319,Rice Model,Nike,1,709,0.15,531.75,602.65,70.9,UPI,Corporate,Express,5,No,4.8
ORD00481,2024-10-26,CUST1480,Customer 481,Male,50,West,Maharashtra,Mumbai,Groceries,Milk,P230,Milk Model,Nike,4,3615,0.05,2711.25,13737.0,2892.0,Cash,Corporate,Standard,6,Yes,4.5
ORD00482,2024-08-21,CUST1481,Customer 482,Female,25,West,Maharashtra,Mumbai,Electronics,Laptop,P223,Laptop Model,Samsung,5,3225,0.0,2418.75,16125.0,4031.25,Cash,Corporate,Standard,5,Yes,3.7
ORD00483,2024-06-05,CUST1482,Customer 483,Male,55,East,West Bengal,Kolkata,Clothing,Shoes,P531,Shoes Model,Dell,4,429,0.05,321.75,1630.2,343.2,Card,Corporate,Standard,2,No,3.5
ORD00484,2024-10-07,CUST1483,Customer 484,Female,39,East,West Bengal,Kolkata,Electronics,Laptop,P900,Laptop Model,Nike,4,4141,0.1,3105.75,14907.6,2484.6,Card,Home Office,Standard,7,Yes,4.3
ORD00485,2024-08-23,CUST1484,Customer 485,Female,32,West,Maharashtra,Mumbai,Groceries,Rice,P504,Rice Model,Samsung,3,931,0.15,698.25,2374.05,279.3,Cash,Consumer,Express,6,No,4.5
ORD00486,2024-03-25,CUST1485,Customer 486,Male,54,North,Delhi,New Delhi,Clothing,Shirt,P634,Shirt Model,HP,5,897,0.05,672.75,4260.75,897.0,Card,Home Office,Standard,1,Yes,4.9
ORD00487,2024-05-20,CUST1486,Customer 487,Female,55,South,Tamil Nadu,Chennai,Furniture,Table,P146,Table Model,Nike,1,4570,0.1,3427.5,4113.0,685.5,UPI,Corporate,Express,2,No,3.5
ORD00488,2024-09-27,CUST1487,Customer 488,Male,36,East,West Bengal,Kolkata,Groceries,Milk,P247,Milk Model,HP,1,1139,0.0,854.25,1139.0,284.75,Card,Consumer,Standard,3,No,4.5
ORD00489,2024-01-31,CUST1488,Customer 489,Male,38,East,West Bengal,Kolkata,Furniture,Chair,P245,Chair Model,Nike,1,2641,0.15,1980.75,2244.85,264.1,Card,Corporate,Express,7,Yes,3.6
ORD00490,2024-05-02,CUST1489,Customer 490,Female,47,South,Tamil Nadu,Chennai,Groceries,Milk,P666,Milk Model,Nike,1,2406,0.0,1804.5,2406.0,601.5,UPI,Corporate,Standard,4,Yes,4.9
ORD00491,2024-01-10,CUST1490,Customer 491,Female,46,East,West Bengal,Kolkata,Electronics,Laptop,P185,Laptop Model,HP,5,1228,0.1,921.0,5526.0,921.0,UPI,Corporate,Standard,7,Yes,4.3
ORD00492,2024-08-04,CUST1491,Customer 492,Male,21,West,Maharashtra,Mumbai,Electronics,Laptop,P593,Laptop Model,Samsung,4,2569,0.05,1926.75,9762.2,2055.2,Cash,Corporate,Express,3,Yes,4.4
ORD00493,2024-09-18,CUST1492,Customer 493,Female,23,East,West Bengal,Kolkata,Electronics,Laptop,P504,Laptop Model,Dell,5,4812,0.0,3609.0,24060.0,6015.0,UPI,Home Office,Express,4,Yes,4.4
ORD00494,2024-06-11,CUST1493,Customer 494,Female,31,East,West Bengal,Kolkata,Clothing,Shoes,P570,Shoes Model,Samsung,3,2214,0.1,1660.5,5977.8,996.3,UPI,Home Office,Standard,6,Yes,4.4
ORD00495,2024-01-03,CUST1494,Customer 495,Male,59,North,Delhi,New Delhi,Furniture,Table,P766,Table Model,Dell,5,4205,0.15,3153.75,17871.25,2102.5,Cash,Consumer,Express,6,Yes,4.0
ORD00496,2024-07-11,CUST1495,Customer 496,Female,30,East,West Bengal,Kolkata,Groceries,Rice,P555,Rice Model,Dell,1,1222,0.15,916.5,1038.7,122.2,UPI,Home Office,Standard,7,No,4.5
ORD00497,2024-12-29,CUST1496,Customer 497,Male,49,East,West Bengal,Kolkata,Furniture,Chair,P471,Chair Model,Dell,5,2683,0.05,2012.25,12744.25,2683.0,Card,Corporate,Standard,1,Yes,5.0
ORD00498,2024-11-22,CUST1497,Customer 498,Male,53,West,Maharashtra,Mumbai,Electronics,Phone,P298,Phone Model,HP,5,4298,0.15,3223.5,18266.5,2149.0,UPI,Home Office,Standard,6,Yes,3.7
ORD00499,2024-10-18,CUST1498,Customer 499,Female,18,South,Tamil Nadu,Chennai,Clothing,Shirt,P537,Shirt Model,Dell,1,4565,0.1,3423.75,4108.5,684.75,Card,Corporate,Express,3,Yes,4.5
ORD00500,2024-08-26,CUST1499,Customer 500,Female,52,West,Maharashtra,Mumbai,Clothing,Shirt,P559,Shirt Model,Samsung,2,584,0.1,438.0,1051.2,175.2,UPI,Corporate,Standard,3,Yes,4.8
ORD00501,2024-01-13,CUST1500,Customer 501,Female,37,South,Tamil Nadu,Chennai,Groceries,Rice,P164,Rice Model,Dell,2,1812,0.05,1359.0,3442.8,724.8,UPI,Corporate,Express,7,Yes,4.4
ORD00502,2024-11-16,CUST1501,Customer 502,Female,21,East,West Bengal,Kolkata,Clothing,Shirt,P941,Shirt Model,Samsung,1,4079,0.05,3059.25,3875.05,815.8,Cash,Consumer,Standard,7,No,4.6
ORD00503,2024-11-16,CUST1502,Customer 503,Female,22,West,Maharashtra,Mumbai,Electronics,Laptop,P901,Laptop Model,HP,1,473,0.15,354.75,402.05,47.3,UPI,Corporate,Standard,3,No,3.6
ORD00504,2024-12-12,CUST1503,Customer 504,Female,32,North,Delhi,New Delhi,Electronics,Phone,P985,Phone Model,Dell,4,3490,0.0,2617.5,13960.0,3490.0,Card,Corporate,Express,7,No,4.8
ORD00505,2024-11-13,CUST1504,Customer 505,Male,24,North,Delhi,New Delhi,Clothing,Shirt,P205,Shirt Model,Dell,4,4437,0.1,3327.75,15973.2,2662.2,Cash,Home Office,Standard,5,Yes,4.9
ORD00506,2024-03-05,CUST1505,Customer 506,Male,26,East,West Bengal,Kolkata,Clothing,Shoes,P916,Shoes Model,Dell,4,3842,0.05,2881.5,14599.6,3073.6,UPI,Consumer,Express,5,No,4.3
ORD00507,2024-11-29,CUST1506,Customer 507,Female,36,East,West Bengal,Kolkata,Clothing,Shirt,P477,Shirt Model,Dell,2,4046,0.1,3034.5,7282.8,1213.8,Cash,Home Office,Standard,1,Yes,4.3
ORD00508,2024-10-13,CUST1507,Customer 508,Male,39,North,Delhi,New Delhi,Groceries,Milk,P293,Milk Model,Nike,2,1841,0.05,1380.75,3497.9,736.4,Cash,Home Office,Express,5,No,4.8
ORD00509,2024-10-16,CUST1508,Customer 509,Female,20,East,West Bengal,Kolkata,Clothing,Shoes,P607,Shoes Model,HP,3,1529,0.0,1146.75,4587.0,1146.75,UPI,Home Office,Standard,6,Yes,4.2
ORD00510,2024-04-19,CUST1509,Customer 510,Male,18,South,Tamil Nadu,Chennai,Groceries,Milk,P471,Milk Model,Dell,4,1881,0.15,1410.75,6395.4,752.4,UPI,Corporate,Standard,5,Yes,3.7
ORD00511,2024-08-13,CUST1510,Customer 511,Female,29,South,Tamil Nadu,Chennai,Clothing,Shirt,P324,Shirt Model,Samsung,1,1831,0.05,1373.25,1739.45,366.2,Cash,Consumer,Express,7,Yes,3.8
ORD00512,2024-01-12,CUST1511,Customer 512,Male,39,South,Tamil Nadu,Chennai,Clothing,Shirt,P315,Shirt Model,Samsung,1,1324,0.15,993.0,1125.4,132.4,Card,Consumer,Express,7,No,4.5
ORD00513,2024-09-26,CUST1512,Customer 513,Male,52,West,Maharashtra,Mumbai,Electronics,Laptop,P487,Laptop Model,Samsung,2,1271,0.05,953.25,2414.9,508.4,Card,Home Office,Express,6,Yes,4.9
ORD00514,2024-11-11,CUST1513,Customer 514,Female,26,South,Tamil Nadu,Chennai,Clothing,Shirt,P971,Shirt Model,Nike,3,2224,0.0,1668.0,6672.0,1668.0,UPI,Home Office,Standard,7,No,4.7
ORD00515,2024-11-10,CUST1514,Customer 515,Female,29,North,Delhi,New Delhi,Furniture,Table,P429,Table Model,Samsung,5,3265,0.15,2448.75,13876.25,1632.5,Cash,Home Office,Express,6,No,4.2
ORD00516,2024-10-24,CUST1515,Customer 516,Male,43,West,Maharashtra,Mumbai,Electronics,Laptop,P323,Laptop Model,Samsung,2,1862,0.15,1396.5,3165.4,372.4,Card,Corporate,Standard,7,No,3.9
ORD00517,2024-02-13,CUST1516,Customer 517,Male,55,South,Tamil Nadu,Chennai,Electronics,Phone,P142,Phone Model,Nike,4,4450,0.1,3337.5,16020.0,2670.0,Cash,Home Office,Express,4,No,4.2
ORD00518,2024-07-28,CUST1517,Customer 518,Male,46,East,West Bengal,Kolkata,Groceries,Milk,P339,Milk Model,Samsung,3,3332,0.0,2499.0,9996.0,2499.0,Cash,Consumer,Express,1,No,4.8
ORD00519,2024-09-19,CUST1518,Customer 519,Female,20,North,Delhi,New Delhi,Clothing,Shirt,P659,Shirt Model,HP,1,1171,0.0,878.25,1171.0,292.75,Card,Consumer,Express,3,No,4.6
ORD00520,2024-12-15,CUST1519,Customer 520,Female,36,East,West Bengal,Kolkata,Furniture,Chair,P942,Chair Model,Samsung,5,2339,0.0,1754.25,11695.0,2923.75,Card,Corporate,Standard,4,Yes,4.8
ORD00521,2024-04-26,CUST1520,Customer 521,Female,39,South,Tamil Nadu,Chennai,Furniture,Table,P910,Table Model,Dell,2,4425,0.15,3318.75,7522.5,885.0,Card,Consumer,Express,7,No,3.8
ORD00522,2024-08-18,CUST1521,Customer 522,Male,49,North,Delhi,New Delhi,Clothing,Shirt,P929,Shirt Model,Samsung,5,1251,0.1,938.25,5629.5,938.25,Card,Consumer,Express,4,No,4.6
ORD00523,2024-12-19,CUST1522,Customer 523,Male,39,East,West Bengal,Kolkata,Clothing,Shirt,P681,Shirt Model,Nike,5,463,0.05,347.25,2199.25,463.0,Card,Consumer,Express,1,No,3.8
ORD00524,2024-02-25,CUST1523,Customer 524,Male,20,East,West Bengal,Kolkata,Groceries,Milk,P946,Milk Model,Nike,1,1604,0.0,1203.0,1604.0,401.0,UPI,Consumer,Standard,1,No,3.9
ORD00525,2024-04-29,CUST1524,Customer 525,Male,38,East,West Bengal,Kolkata,Electronics,Phone,P980,Phone Model,Nike,1,3219,0.0,2414.25,3219.0,804.75,Card,Consumer,Standard,2,No,4.2
ORD00526,2024-02-05,CUST1525,Customer 526,Female,28,West,Maharashtra,Mumbai,Furniture,Chair,P718,Chair Model,Samsung,2,2737,0.15,2052.75,4652.9,547.4,Cash,Consumer,Express,3,Yes,3.5
ORD00527,2024-03-14,CUST1526,Customer 527,Female,47,West,Maharashtra,Mumbai,Electronics,Phone,P573,Phone Model,Dell,5,2222,0.1,1666.5,9999.0,1666.5,Cash,Consumer,Express,6,No,4.0
ORD00528,2024-12-30,CUST1527,Customer 528,Female,47,East,West Bengal,Kolkata,Groceries,Rice,P493,Rice Model,HP,4,2240,0.05,1680.0,8512.0,1792.0,Cash,Home Office,Standard,4,Yes,3.9
ORD00529,2024-03-21,CUST1528,Customer 529,Male,41,East,West Bengal,Kolkata,Clothing,Shirt,P178,Shirt Model,Dell,2,4242,0.15,3181.5,7211.4,848.4,Cash,Corporate,Express,4,Yes,3.9
ORD00530,2024-09-16,CUST1529,Customer 530,Female,43,North,Delhi,New Delhi,Groceries,Rice,P976,Rice Model,HP,1,3983,0.15,2987.25,3385.55,398.3,Card,Consumer,Standard,3,Yes,4.6
ORD00531,2024-03-10,CUST1530,Customer 531,Male,46,East,West Bengal,Kolkata,Groceries,Milk,P243,Milk Model,Nike,4,758,0.0,568.5,3032.0,758.0,Card,Consumer,Standard,7,Yes,4.4
ORD00532,2024-03-31,CUST1531,Customer 532,Female,27,East,West Bengal,Kolkata,Electronics,Phone,P551,Phone Model,Samsung,2,835,0.0,626.25,1670.0,417.5,UPI,Consumer,Standard,6,Yes,4.2
ORD00533,2024-01-25,CUST1532,Customer 533,Male,42,North,Delhi,New Delhi,Groceries,Milk,P885,Milk Model,HP,4,629,0.0,471.75,2516.0,629.0,UPI,Corporate,Standard,2,Yes,3.5
ORD00534,2024-01-15,CUST1533,Customer 534,Male,28,North,Delhi,New Delhi,Clothing,Shirt,P145,Shirt Model,Nike,1,2006,0.0,1504.5,2006.0,501.5,Cash,Consumer,Express,3,Yes,4.4
ORD00535,2024-10-04,CUST1534,Customer 535,Female,38,West,Maharashtra,Mumbai,Groceries,Rice,P277,Rice Model,Dell,2,1951,0.0,1463.25,3902.0,975.5,Card,Home Office,Express,1,No,3.8
ORD00536,2024-04-22,CUST1535,Customer 536,Female,37,North,Delhi,New Delhi,Clothing,Shoes,P885,Shoes Model,Nike,1,751,0.05,563.25,713.45,150.2,UPI,Home Office,Standard,3,Yes,4.4
ORD00537,2024-11-19,CUST1536,Customer 537,Male,39,West,Maharashtra,Mumbai,Furniture,Table,P118,Table Model,Nike,2,2804,0.15,2103.0,4766.8,560.8,Card,Home Office,Standard,5,Yes,3.8
ORD00538,2024-11-11,CUST1537,Customer 538,Male,26,North,Delhi,New Delhi,Clothing,Shirt,P483,Shirt Model,Nike,4,2195,0.0,1646.25,8780.0,2195.0,Card,Consumer,Standard,4,Yes,4.5
ORD00539,2024-05-01,CUST1538,Customer 539,Female,59,West,Maharashtra,Mumbai,Clothing,Shirt,P932,Shirt Model,Samsung,3,2801,0.0,2100.75,8403.0,2100.75,UPI,Consumer,Express,3,Yes,3.8
ORD00540,2024-01-28,CUST1539,Customer 540,Female,58,South,Tamil Nadu,Chennai,Furniture,Table,P106,Table Model,Dell,5,2834,0.05,2125.5,13461.5,2834.0,Card,Consumer,Standard,1,Yes,4.9
ORD00541,2024-03-05,CUST1540,Customer 541,Female,47,North,Delhi,New Delhi,Furniture,Chair,P418,Chair Model,HP,2,4356,0.0,3267.0,8712.0,2178.0,Cash,Consumer,Standard,4,Yes,4.4
ORD00542,2024-06-04,CUST1541,Customer 542,Female,43,East,West Bengal,Kolkata,Groceries,Rice,P486,Rice Model,HP,3,4141,0.0,3105.75,12423.0,3105.75,Card,Corporate,Express,5,No,4.6
ORD00543,2024-09-03,CUST1542,Customer 543,Male,34,North,Delhi,New Delhi,Groceries,Milk,P489,Milk Model,Nike,1,2659,0.05,1994.25,2526.05,531.8,Card,Corporate,Express,4,No,3.6
ORD00544,2024-03-10,CUST1543,Customer 544,Female,49,West,Maharashtra,Mumbai,Furniture,Chair,P514,Chair Model,Nike,2,234,0.0,175.5,468.0,117.0,Card,Home Office,Express,4,No,4.0
ORD00545,2024-10-28,CUST1544,Customer 545,Male,45,North,Delhi,New Delhi,Groceries,Rice,P361,Rice Model,Samsung,1,3352,0.05,2514.0,3184.4,670.4,Cash,Home Office,Express,6,No,4.5
ORD00546,2024-11-29,CUST1545,Customer 546,Female,58,West,Maharashtra,Mumbai,Groceries,Rice,P823,Rice Model,Dell,2,4113,0.0,3084.75,8226.0,2056.5,Cash,Home Office,Standard,3,No,4.9
ORD00547,2024-03-16,CUST1546,Customer 547,Female,43,East,West Bengal,Kolkata,Furniture,Chair,P823,Chair Model,Dell,1,1156,0.0,867.0,1156.0,289.0,Cash,Consumer,Express,2,No,3.9
ORD00548,2024-06-03,CUST1547,Customer 548,Male,35,West,Maharashtra,Mumbai,Clothing,Shoes,P866,Shoes Model,HP,1,1095,0.1,821.25,985.5,164.25,Cash,Corporate,Express,1,Yes,4.7
ORD00549,2024-01-01,CUST1548,Customer 549,Female,28,North,Delhi,New Delhi,Electronics,Phone,P280,Phone Model,Samsung,5,3614,0.1,2710.5,16263.0,2710.5,UPI,Home Office,Standard,2,No,3.8
ORD00550,2024-02-26,CUST1549,Customer 550,Male,34,West,Maharashtra,Mumbai,Furniture,Chair,P992,Chair Model,Nike,2,683,0.05,512.25,1297.7,273.2,Card,Home Office,Standard,7,Yes,3.6
ORD00551,2024-02-13,CUST1550,Customer 551,Male,48,West,Maharashtra,Mumbai,Electronics,Phone,P596,Phone Model,Dell,1,3002,0.0,2251.5,3002.0,750.5,UPI,Consumer,Express,7,Yes,4.5
ORD00552,2024-01-22,CUST1551,Customer 552,Female,48,North,Delhi,New Delhi,Furniture,Chair,P875,Chair Model,Samsung,4,4460,0.1,3345.0,16056.0,2676.0,Cash,Corporate,Express,3,No,5.0
ORD00553,2024-05-02,CUST1552,Customer 553,Female,24,East,West Bengal,Kolkata,Groceries,Milk,P103,Milk Model,Nike,5,668,0.1,501.0,3006.0,501.0,Cash,Corporate,Standard,1,Yes,4.8
ORD00554,2024-05-23,CUST1553,Customer 554,Male,18,South,Tamil Nadu,Chennai,Clothing,Shoes,P753,Shoes Model,Samsung,5,4092,0.15,3069.0,17391.0,2046.0,UPI,Home Office,Express,7,Yes,5.0
ORD00555,2024-06-15,CUST1554,Customer 555,Female,48,West,Maharashtra,Mumbai,Furniture,Table,P774,Table Model,Dell,4,866,0.1,649.5,3117.6,519.6,Cash,Corporate,Express,5,Yes,4.6
ORD00556,2024-09-23,CUST1555,Customer 556,Male,46,North,Delhi,New Delhi,Furniture,Table,P218,Table Model,Nike,1,2668,0.15,2001.0,2267.8,266.8,Cash,Home Office,Standard,2,Yes,3.8
ORD00557,2024-12-03,CUST1556,Customer 557,Female,35,North,Delhi,New Delhi,Electronics,Phone,P325,Phone Model,Samsung,1,1512,0.1,1134.0,1360.8,226.8,Cash,Corporate,Standard,6,Yes,4.9
ORD00558,2024-11-20,CUST1557,Customer 558,Female,42,West,Maharashtra,Mumbai,Electronics,Phone,P834,Phone Model,Nike,2,4918,0.0,3688.5,9836.0,2459.0,Cash,Home Office,Express,7,Yes,3.8
ORD00559,2024-02-29,CUST1558,Customer 559,Male,54,East,West Bengal,Kolkata,Electronics,Laptop,P476,Laptop Model,HP,1,2987,0.05,2240.25,2837.65,597.4,Card,Corporate,Standard,3,Yes,4.4
ORD00560,2024-04-07,CUST1559,Customer 560,Male,43,West,Maharashtra,Mumbai,Groceries,Milk,P109,Milk Model,Nike,3,1234,0.05,925.5,3516.9,740.4,Card,Consumer,Express,7,Yes,4.2
ORD00561,2024-08-21,CUST1560,Customer 561,Male,35,South,Tamil Nadu,Chennai,Clothing,Shirt,P968,Shirt Model,Nike,1,2822,0.1,2116.5,2539.8,423.3,Cash,Consumer,Express,3,No,3.6
ORD00562,2024-06-19,CUST1561,Customer 562,Female,37,South,Tamil Nadu,Chennai,Furniture,Chair,P934,Chair Model,HP,1,1666,0.15,1249.5,1416.1,166.6,UPI,Home Office,Express,3,No,4.5
ORD00563,2024-06-27,CUST1562,Customer 563,Male,53,West,Maharashtra,Mumbai,Groceries,Rice,P503,Rice Model,Dell,5,2518,0.1,1888.5,11331.0,1888.5,UPI,Corporate,Standard,7,No,4.2
ORD00564,2024-03-24,CUST1563,Customer 564,Male,30,South,Tamil Nadu,Chennai,Groceries,Milk,P852,Milk Model,Dell,3,1386,0.05,1039.5,3950.1,831.6,Card,Home Office,Standard,6,Yes,4.1
ORD00565,2024-08-06,CUST1564,Customer 565,Male,25,South,Tamil Nadu,Chennai,Electronics,Laptop,P627,Laptop Model,Samsung,3,4081,0.05,3060.75,11630.85,2448.6,Cash,Corporate,Standard,6,No,3.9
ORD00566,2024-03-01,CUST1565,Customer 566,Male,47,South,Tamil Nadu,Chennai,Groceries,Milk,P985,Milk Model,Nike,3,1613,0.15,1209.75,4113.15,483.9,Card,Home Office,Express,3,Yes,3.7
ORD00567,2024-02-12,CUST1566,Customer 567,Female,24,North,Delhi,New Delhi,Groceries,Rice,P913,Rice Model,HP,1,4893,0.15,3669.75,4159.05,489.3,Card,Corporate,Express,3,Yes,3.6
ORD00568,2024-02-02,CUST1567,Customer 568,Male,51,South,Tamil Nadu,Chennai,Groceries,Rice,P957,Rice Model,Dell,4,4755,0.15,3566.25,16167.0,1902.0,UPI,Home Office,Standard,2,Yes,3.5
ORD00569,2024-08-16,CUST1568,Customer 569,Male,23,East,West Bengal,Kolkata,Electronics,Laptop,P675,Laptop Model,Samsung,2,4911,0.05,3683.25,9330.9,1964.4,UPI,Consumer,Standard,5,No,4.0
ORD00570,2024-10-05,CUST1569,Customer 570,Female,60,South,Tamil Nadu,Chennai,Groceries,Rice,P646,Rice Model,Nike,2,2662,0.0,1996.5,5324.0,1331.0,UPI,Home Office,Express,6,No,4.3
ORD00571,2024-06-29,CUST1570,Customer 571,Male,37,South,Tamil Nadu,Chennai,Electronics,Laptop,P976,Laptop Model,HP,2,500,0.05,375.0,950.0,200.0,UPI,Home Office,Standard,5,No,3.9
ORD00572,2024-11-14,CUST1571,Customer 572,Female,47,West,Maharashtra,Mumbai,Electronics,Phone,P185,Phone Model,Samsung,3,3327,0.05,2495.25,9481.95,1996.2,Cash,Corporate,Standard,5,Yes,3.6
ORD00573,2024-05-17,CUST1572,Customer 573,Female,42,South,Tamil Nadu,Chennai,Clothing,Shirt,P126,Shirt Model,HP,4,1457,0.1,1092.75,5245.2,874.2,UPI,Corporate,Standard,5,Yes,4.5
ORD00574,2024-07-27,CUST1573,Customer 574,Male,32,North,Delhi,New Delhi,Clothing,Shirt,P380,Shirt Model,Dell,3,2932,0.1,2199.0,7916.4,1319.4,UPI,Corporate,Standard,4,Yes,4.7
ORD00575,2024-03-04,CUST1574,Customer 575,Female,53,South,Tamil Nadu,Chennai,Clothing,Shoes,P377,Shoes Model,Dell,1,4533,0.1,3399.75,4079.7,679.95,UPI,Consumer,Express,7,No,3.8
ORD00576,2024-12-13,CUST1575,Customer 576,Male,27,West,Maharashtra,Mumbai,Groceries,Rice,P487,Rice Model,Samsung,3,277,0.05,207.75,789.45,166.2,UPI,Home Office,Express,6,Yes,4.5
ORD00577,2024-08-02,CUST1576,Customer 577,Female,45,West,Maharashtra,Mumbai,Furniture,Table,P633,Table Model,HP,3,4039,0.1,3029.25,10905.3,1817.55,Card,Home Office,Standard,3,No,4.7
ORD00578,2024-02-16,CUST1577,Customer 578,Male,36,North,Delhi,New Delhi,Electronics,Laptop,P667,Laptop Model,Nike,1,1552,0.0,1164.0,1552.0,388.0,UPI,Corporate,Standard,4,No,4.3
ORD00579,2024-12-12,CUST1578,Customer 579,Female,52,North,Delhi,New Delhi,Groceries,Rice,P867,Rice Model,Samsung,5,1757,0.0,1317.75,8785.0,2196.25,UPI,Home Office,Standard,5,No,4.9
ORD00580,2024-12-11,CUST1579,Customer 580,Male,45,South,Tamil Nadu,Chennai,Furniture,Chair,P607,Chair Model,Nike,3,1292,0.1,969.0,3488.4,581.4,UPI,Corporate,Standard,3,Yes,4.7
ORD00581,2024-03-01,CUST1580,Customer 581,Male,58,East,West Bengal,Kolkata,Clothing,Shoes,P682,Shoes Model,Nike,3,2368,0.05,1776.0,6748.8,1420.8,UPI,Corporate,Standard,4,No,3.6
ORD00582,2024-01-04,CUST1581,Customer 582,Female,29,West,Maharashtra,Mumbai,Clothing,Shoes,P511,Shoes Model,Samsung,3,1077,0.0,807.75,3231.0,807.75,UPI,Consumer,Express,4,Yes,3.6
ORD00583,2024-09-20,CUST1582,Customer 583,Female,32,South,Tamil Nadu,Chennai,Groceries,Rice,P581,Rice Model,Nike,4,256,0.05,192.0,972.8,204.8,Card,Corporate,Express,4,Yes,4.3
ORD00584,2024-05-17,CUST1583,Customer 584,Female,18,North,Delhi,New Delhi,Groceries,Milk,P467,Milk Model,HP,2,1345,0.1,1008.75,2421.0,403.5,UPI,Consumer,Express,1,Yes,4.1
ORD00585,2024-06-18,CUST1584,Customer 585,Female,49,North,Delhi,New Delhi,Furniture,Chair,P663,Chair Model,Nike,4,2377,0.0,1782.75,9508.0,2377.0,Cash,Home Office,Standard,3,No,4.3
ORD00586,2024-07-18,CUST1585,Customer 586,Female,50,South,Tamil Nadu,Chennai,Electronics,Laptop,P113,Laptop Model,HP,1,1233,0.05,924.75,1171.35,246.6,UPI,Home Office,Express,4,Yes,4.2
ORD00587,2024-05-28,CUST1586,Customer 587,Male,33,East,West Bengal,Kolkata,Groceries,Rice,P387,Rice Model,Dell,4,2229,0.05,1671.75,8470.2,1783.2,Card,Home Office,Standard,6,No,3.8
ORD00588,2024-12-27,CUST1587,Customer 588,Male,26,North,Delhi,New Delhi,Furniture,Chair,P510,Chair Model,Dell,5,1418,0.05,1063.5,6735.5,1418.0,Card,Consumer,Standard,4,Yes,4.4
ORD00589,2024-02-16,CUST1588,Customer 589,Male,39,North,Delhi,New Delhi,Groceries,Milk,P536,Milk Model,Nike,5,2710,0.05,2032.5,12872.5,2710.0,UPI,Home Office,Express,6,Yes,4.0
ORD00590,2024-05-17,CUST1589,Customer 590,Male,29,East,West Bengal,Kolkata,Clothing,Shoes,P141,Shoes Model,Dell,4,2223,0.1,1667.25,8002.8,1333.8,UPI,Home Office,Express,2,No,4.2
ORD00591,2024-11-06,CUST1590,Customer 591,Female,37,North,Delhi,New Delhi,Groceries,Rice,P214,Rice Model,Dell,3,4224,0.1,3168.0,11404.8,1900.8,Cash,Consumer,Standard,3,No,4.6
ORD00592,2024-07-04,CUST1591,Customer 592,Male,24,East,West Bengal,Kolkata,Furniture,Table,P233,Table Model,Dell,2,4986,0.15,3739.5,8476.2,997.2,UPI,Home Office,Standard,2,No,4.9
ORD00593,2024-02-08,CUST1592,Customer 593,Male,26,East,West Bengal,Kolkata,Clothing,Shoes,P296,Shoes Model,Nike,2,4570,0.05,3427.5,8683.0,1828.0,Cash,Home Office,Express,7,No,4.8
ORD00594,2024-08-17,CUST1593,Customer 594,Male,56,North,Delhi,New Delhi,Groceries,Rice,P380,Rice Model,HP,4,3632,0.0,2724.0,14528.0,3632.0,Card,Consumer,Standard,7,Yes,4.6
ORD00595,2024-07-22,CUST1594,Customer 595,Female,43,West,Maharashtra,Mumbai,Electronics,Laptop,P721,Laptop Model,Samsung,4,4372,0.15,3279.0,14864.8,1748.8,UPI,Consumer,Standard,2,Yes,4.4
ORD00596,2024-01-05,CUST1595,Customer 596,Male,28,West,Maharashtra,Mumbai,Clothing,Shoes,P329,Shoes Model,Dell,2,2627,0.1,1970.25,4728.6,788.1,Cash,Consumer,Express,1,Yes,4.9
ORD00597,2024-05-22,CUST1596,Customer 597,Male,59,South,Tamil Nadu,Chennai,Clothing,Shirt,P455,Shirt Model,Samsung,2,1920,0.0,1440.0,3840.0,960.0,Card,Consumer,Express,6,Yes,4.1
ORD00598,2024-11-09,CUST1597,Customer 598,Female,29,East,West Bengal,Kolkata,Clothing,Shirt,P362,Shirt Model,Dell,1,3112,0.05,2334.0,2956.4,622.4,Cash,Home Office,Standard,6,No,4.9
ORD00599,2024-05-11,CUST1598,Customer 599,Female,27,South,Tamil Nadu,Chennai,Groceries,Rice,P556,Rice Model,HP,3,2401,0.05,1800.75,6842.85,1440.6,Cash,Home Office,Express,3,Yes,4.9
ORD00600,2024-02-17,CUST1599,Customer 600,Female,29,West,Maharashtra,Mumbai,Furniture,Table,P763,Table Model,Samsung,2,1642,0.05,1231.5,3119.8,656.8,UPI,Corporate,Standard,2,No,4.5
ORD00601,2024-04-06,CUST1600,Customer 601,Female,24,North,Delhi,New Delhi,Furniture,Chair,P841,Chair Model,HP,4,2209,0.15,1656.75,7510.6,883.6,Cash,Consumer,Standard,4,No,3.5
ORD00602,2024-01-07,CUST1601,Customer 602,Male,18,North,Delhi,New Delhi,Furniture,Chair,P910,Chair Model,Dell,1,2392,0.05,1794.0,2272.4,478.4,Cash,Home Office,Express,7,Yes,3.8
ORD00603,2024-09-02,CUST1602,Customer 603,Male,21,West,Maharashtra,Mumbai,Furniture,Table,P656,Table Model,Samsung,3,4123,0.05,3092.25,11750.55,2473.8,Cash,Home Office,Standard,1,Yes,3.7
ORD00604,2024-05-31,CUST1603,Customer 604,Male,45,North,Delhi,New Delhi,Groceries,Rice,P494,Rice Model,HP,1,2037,0.0,1527.75,2037.0,509.25,Card,Home Office,Express,2,No,4.5
ORD00605,2024-02-27,CUST1604,Customer 605,Female,22,West,Maharashtra,Mumbai,Furniture,Chair,P730,Chair Model,Samsung,2,1033,0.1,774.75,1859.4,309.9,UPI,Corporate,Standard,1,Yes,3.8
ORD00606,2024-09-28,CUST1605,Customer 606,Female,24,East,West Bengal,Kolkata,Furniture,Table,P377,Table Model,Nike,2,2670,0.1,2002.5,4806.0,801.0,Cash,Corporate,Express,7,Yes,4.7
ORD00607,2024-03-17,CUST1606,Customer 607,Male,25,South,Tamil Nadu,Chennai,Clothing,Shirt,P691,Shirt Model,Nike,4,3859,0.15,2894.25,13120.6,1543.6,Cash,Corporate,Standard,1,No,5.0
ORD00608,2024-04-03,CUST1607,Customer 608,Female,56,West,Maharashtra,Mumbai,Clothing,Shoes,P912,Shoes Model,Samsung,4,3672,0.15,2754.0,12484.8,1468.8,UPI,Home Office,Standard,4,No,4.3
ORD00609,2024-10-02,CUST1608,Customer 609,Male,23,West,Maharashtra,Mumbai,Furniture,Table,P340,Table Model,Samsung,1,4959,0.15,3719.25,4215.15,495.9,UPI,Consumer,Standard,3,No,4.9
ORD00610,2024-02-26,CUST1609,Customer 610,Male,53,North,Delhi,New Delhi,Clothing,Shoes,P531,Shoes Model,HP,2,2614,0.15,1960.5,4443.8,522.8,UPI,Consumer,Standard,6,Yes,3.7
ORD00611,2024-12-22,CUST1610,Customer 611,Male,60,South,Tamil Nadu,Chennai,Groceries,Rice,P695,Rice Model,Dell,4,3244,0.0,2433.0,12976.0,3244.0,Card,Home Office,Standard,1,Yes,4.0
ORD00612,2024-02-10,CUST1611,Customer 612,Male,48,South,Tamil Nadu,Chennai,Electronics,Laptop,P861,Laptop Model,HP,5,3611,0.05,2708.25,17152.25,3611.0,Cash,Home Office,Express,4,No,4.6
ORD00613,2024-08-15,CUST1612,Customer 613,Male,50,North,Delhi,New Delhi,Clothing,Shirt,P264,Shirt Model,Dell,2,691,0.0,518.25,1382.0,345.5,Card,Corporate,Express,5,No,4.9
ORD00614,2024-09-13,CUST1613,Customer 614,Female,26,East,West Bengal,Kolkata,Furniture,Table,P860,Table Model,HP,2,2426,0.0,1819.5,4852.0,1213.0,Card,Home Office,Standard,2,No,3.8
ORD00615,2024-10-13,CUST1614,Customer 615,Male,21,North,Delhi,New Delhi,Groceries,Milk,P922,Milk Model,Samsung,3,3518,0.15,2638.5,8970.9,1055.4,Cash,Corporate,Standard,3,Yes,3.7
ORD00616,2024-07-04,CUST1615,Customer 616,Male,31,East,West Bengal,Kolkata,Electronics,Laptop,P711,Laptop Model,Dell,3,1533,0.0,1149.75,4599.0,1149.75,Card,Consumer,Standard,6,Yes,3.9
ORD00617,2024-02-13,CUST1616,Customer 617,Female,18,North,Delhi,New Delhi,Groceries,Rice,P465,Rice Model,Samsung,1,2777,0.0,2082.75,2777.0,694.25,Card,Home Office,Standard,3,No,4.6
ORD00618,2024-03-07,CUST1617,Customer 618,Male,55,North,Delhi,New Delhi,Clothing,Shoes,P915,Shoes Model,Nike,5,1027,0.05,770.25,4878.25,1027.0,Card,Home Office,Standard,3,Yes,3.7
ORD00619,2024-08-25,CUST1618,Customer 619,Female,46,North,Delhi,New Delhi,Electronics,Laptop,P904,Laptop Model,HP,2,1353,0.05,1014.75,2570.7,541.2,Card,Corporate,Express,5,No,3.6
ORD00620,2024-12-30,CUST1619,Customer 620,Female,24,West,Maharashtra,Mumbai,Furniture,Chair,P924,Chair Model,Dell,5,814,0.05,610.5,3866.5,814.0,UPI,Corporate,Standard,4,Yes,4.2
ORD00621,2024-03-27,CUST1620,Customer 621,Female,23,East,West Bengal,Kolkata,Furniture,Chair,P172,Chair Model,HP,3,4922,0.1,3691.5,13289.4,2214.9,Cash,Corporate,Express,4,No,4.6
ORD00622,2024-08-14,CUST1621,Customer 622,Female,44,South,Tamil Nadu,Chennai,Electronics,Phone,P977,Phone Model,HP,1,3177,0.1,2382.75,2859.3,476.55,Card,Corporate,Express,3,Yes,4.5
ORD00623,2024-09-16,CUST1622,Customer 623,Male,27,West,Maharashtra,Mumbai,Clothing,Shirt,P973,Shirt Model,Dell,5,667,0.05,500.25,3168.25,667.0,Card,Corporate,Standard,5,No,4.8
ORD00624,2024-04-24,CUST1623,Customer 624,Female,24,West,Maharashtra,Mumbai,Groceries,Rice,P187,Rice Model,HP,3,4016,0.15,3012.0,10240.8,1204.8,Cash,Consumer,Express,7,No,3.8
ORD00625,2024-06-17,CUST1624,Customer 625,Female,25,North,Delhi,New Delhi,Clothing,Shoes,P385,Shoes Model,Nike,5,4183,0.05,3137.25,19869.25,4183.0,UPI,Home Office,Standard,4,Yes,4.5
ORD00626,2024-06-12,CUST1625,Customer 626,Male,21,North,Delhi,New Delhi,Groceries,Rice,P316,Rice Model,Dell,3,3723,0.15,2792.25,9493.65,1116.9,Cash,Corporate,Express,3,Yes,3.6
ORD00627,2024-02-05,CUST1626,Customer 627,Male,60,East,West Bengal,Kolkata,Groceries,Rice,P365,Rice Model,HP,3,3898,0.15,2923.5,9939.9,1169.4,UPI,Consumer,Express,3,No,3.7
ORD00628,2024-06-27,CUST1627,Customer 628,Female,54,West,Maharashtra,Mumbai,Groceries,Milk,P498,Milk Model,Dell,5,1516,0.15,1137.0,6443.0,758.0,Cash,Home Office,Standard,1,Yes,4.0
ORD00629,2024-06-11,CUST1628,Customer 629,Male,44,North,Delhi,New Delhi,Furniture,Table,P369,Table Model,Dell,2,4291,0.1,3218.25,7723.8,1287.3,Card,Consumer,Express,6,Yes,3.6
ORD00630,2024-04-06,CUST1629,Customer 630,Male,54,West,Maharashtra,Mumbai,Furniture,Table,P114,Table Model,Samsung,2,3051,0.05,2288.25,5796.9,1220.4,Card,Consumer,Express,3,Yes,4.5
ORD00631,2024-11-28,CUST1630,Customer 631,Female,25,West,Maharashtra,Mumbai,Groceries,Milk,P280,Milk Model,Nike,3,3085,0.15,2313.75,7866.75,925.5,Card,Corporate,Standard,5,Yes,4.3
ORD00632,2024-07-14,CUST1631,Customer 632,Male,23,East,West Bengal,Kolkata,Groceries,Milk,P765,Milk Model,Dell,5,1012,0.0,759.0,5060.0,1265.0,Cash,Corporate,Standard,4,Yes,4.5
ORD00633,2024-09-14,CUST1632,Customer 633,Female,25,North,Delhi,New Delhi,Clothing,Shoes,P300,Shoes Model,Nike,2,2025,0.15,1518.75,3442.5,405.0,UPI,Corporate,Express,4,No,3.5
ORD00634,2024-07-10,CUST1633,Customer 634,Male,18,South,Tamil Nadu,Chennai,Clothing,Shoes,P524,Shoes Model,Dell,3,2718,0.15,2038.5,6930.9,815.4,UPI,Consumer,Standard,7,No,4.8
ORD00635,2024-09-22,CUST1634,Customer 635,Female,30,East,West Bengal,Kolkata,Clothing,Shirt,P731,Shirt Model,Nike,5,3722,0.05,2791.5,17679.5,3722.0,UPI,Home Office,Express,2,No,5.0
ORD00636,2024-03-29,CUST1635,Customer 636,Male,50,West,Maharashtra,Mumbai,Clothing,Shirt,P221,Shirt Model,Nike,4,2092,0.0,1569.0,8368.0,2092.0,Cash,Corporate,Standard,3,Yes,3.6
ORD00637,2024-01-14,CUST1636,Customer 637,Female,19,West,Maharashtra,Mumbai,Electronics,Laptop,P860,Laptop Model,HP,1,4653,0.0,3489.75,4653.0,1163.25,Card,Home Office,Express,2,Yes,4.5
ORD00638,2024-04-23,CUST1637,Customer 638,Female,23,East,West Bengal,Kolkata,Furniture,Chair,P247,Chair Model,Dell,4,2333,0.0,1749.75,9332.0,2333.0,Cash,Home Office,Standard,1,No,4.9
ORD00639,2024-03-03,CUST1638,Customer 639,Male,49,North,Delhi,New Delhi,Furniture,Table,P964,Table Model,Samsung,3,1679,0.0,1259.25,5037.0,1259.25,UPI,Corporate,Standard,4,Yes,4.1
ORD00640,2024-09-06,CUST1639,Customer 640,Male,29,North,Delhi,New Delhi,Furniture,Table,P405,Table Model,Dell,4,2768,0.15,2076.0,9411.2,1107.2,UPI,Home Office,Standard,1,No,5.0
ORD00641,2024-09-04,CUST1640,Customer 641,Male,51,North,Delhi,New Delhi,Furniture,Table,P624,Table Model,HP,1,1779,0.0,1334.25,1779.0,444.75,UPI,Corporate,Standard,2,Yes,4.0
ORD00642,2024-04-22,CUST1641,Customer 642,Male,40,North,Delhi,New Delhi,Furniture,Table,P825,Table Model,Samsung,3,4145,0.05,3108.75,11813.25,2487.0,Card,Home Office,Express,4,No,4.9
ORD00643,2024-05-08,CUST1642,Customer 643,Male,31,South,Tamil Nadu,Chennai,Furniture,Table,P839,Table Model,Nike,4,1042,0.1,781.5,3751.2,625.2,Card,Corporate,Express,5,No,4.7
ORD00644,2024-11-14,CUST1643,Customer 644,Female,58,North,Delhi,New Delhi,Groceries,Milk,P939,Milk Model,Dell,2,4846,0.1,3634.5,8722.8,1453.8,Card,Consumer,Standard,5,No,4.4
ORD00645,2024-05-30,CUST1644,Customer 645,Female,29,East,West Bengal,Kolkata,Groceries,Rice,P466,Rice Model,HP,1,1673,0.1,1254.75,1505.7,250.95,UPI,Consumer,Express,3,Yes,4.7
ORD00646,2024-03-03,CUST1645,Customer 646,Female,32,North,Delhi,New Delhi,Clothing,Shirt,P675,Shirt Model,Dell,3,1951,0.15,1463.25,4975.05,585.3,Card,Corporate,Standard,5,Yes,3.7
ORD00647,2024-05-22,CUST1646,Customer 647,Male,21,North,Delhi,New Delhi,Groceries,Milk,P921,Milk Model,Nike,3,2822,0.05,2116.5,8042.7,1693.2,Card,Consumer,Express,4,Yes,3.7
ORD00648,2024-03-28,CUST1647,Customer 648,Male,59,East,West Bengal,Kolkata,Groceries,Rice,P902,Rice Model,Dell,5,374,0.1,280.5,1683.0,280.5,Card,Corporate,Standard,7,No,3.6
ORD00649,2024-09-30,CUST1648,Customer 649,Female,37,North,Delhi,New Delhi,Clothing,Shirt,P381,Shirt Model,Samsung,1,4049,0.0,3036.75,4049.0,1012.25,Card,Corporate,Standard,5,No,4.2
ORD00650,2024-01-25,CUST1649,Customer 650,Male,19,West,Maharashtra,Mumbai,Clothing,Shoes,P329,Shoes Model,Dell,4,1194,0.1,895.5,4298.4,716.4,UPI,Consumer,Standard,3,No,3.8
ORD00651,2024-02-15,CUST1650,Customer 651,Male,21,South,Tamil Nadu,Chennai,Clothing,Shirt,P411,Shirt Model,Dell,1,2327,0.0,1745.25,2327.0,581.75,Card,Corporate,Express,3,Yes,4.9
ORD00652,2024-10-25,CUST1651,Customer 652,Female,60,West,Maharashtra,Mumbai,Electronics,Laptop,P225,Laptop Model,HP,3,1412,0.15,1059.0,3600.6,423.6,Cash,Corporate,Express,3,No,4.7
ORD00653,2024-09-04,CUST1652,Customer 653,Male,60,South,Tamil Nadu,Chennai,Electronics,Phone,P762,Phone Model,HP,3,878,0.1,658.5,2370.6,395.1,Cash,Consumer,Standard,4,Yes,3.8
ORD00654,2024-12-09,CUST1653,Customer 654,Female,31,South,Tamil Nadu,Chennai,Groceries,Milk,P933,Milk Model,Samsung,2,4194,0.0,3145.5,8388.0,2097.0,Card,Home Office,Express,6,Yes,4.8
ORD00655,2024-02-24,CUST1654,Customer 655,Female,30,South,Tamil Nadu,Chennai,Furniture,Table,P170,Table Model,Samsung,4,3906,0.05,2929.5,14842.8,3124.8,Card,Consumer,Express,7,Yes,3.7
ORD00656,2024-02-24,CUST1655,Customer 656,Male,48,North,Delhi,New Delhi,Furniture,Chair,P777,Chair Model,Nike,4,1732,0.1,1299.0,6235.2,1039.2,Card,Corporate,Standard,5,Yes,4.0
ORD00657,2024-04-18,CUST1656,Customer 657,Female,35,South,Tamil Nadu,Chennai,Groceries,Milk,P478,Milk Model,Dell,5,2933,0.0,2199.75,14665.0,3666.25,UPI,Home Office,Express,6,No,3.8
ORD00658,2024-04-06,CUST1657,Customer 658,Male,21,West,Maharashtra,Mumbai,Furniture,Table,P761,Table Model,HP,5,4243,0.15,3182.25,18032.75,2121.5,UPI,Consumer,Standard,1,Yes,4.4
ORD00659,2024-05-02,CUST1658,Customer 659,Female,24,North,Delhi,New Delhi,Electronics,Phone,P325,Phone Model,Samsung,2,3514,0.15,2635.5,5973.8,702.8,Card,Consumer,Standard,7,Yes,4.0
ORD00660,2024-05-27,CUST1659,Customer 660,Female,33,East,West Bengal,Kolkata,Electronics,Laptop,P274,Laptop Model,Samsung,2,4322,0.15,3241.5,7347.4,864.4,Cash,Consumer,Standard,2,No,4.8
ORD00661,2024-03-13,CUST1660,Customer 661,Female,22,North,Delhi,New Delhi,Groceries,Milk,P274,Milk Model,Dell,3,370,0.05,277.5,1054.5,222.0,Cash,Corporate,Express,5,Yes,4.2
ORD00662,2024-05-06,CUST1661,Customer 662,Male,51,West,Maharashtra,Mumbai,Electronics,Laptop,P615,Laptop Model,HP,1,4847,0.1,3635.25,4362.3,727.05,UPI,Consumer,Standard,3,No,4.2
ORD00663,2024-06-28,CUST1662,Customer 663,Female,37,East,West Bengal,Kolkata,Groceries,Milk,P827,Milk Model,Samsung,3,3958,0.0,2968.5,11874.0,2968.5,Cash,Home Office,Express,1,No,4.5
ORD00664,2024-11-23,CUST1663,Customer 664,Female,19,North,Delhi,New Delhi,Furniture,Table,P350,Table Model,Nike,2,1360,0.1,1020.0,2448.0,408.0,Card,Consumer,Standard,2,No,4.5
ORD00665,2024-05-20,CUST1664,Customer 665,Female,35,West,Maharashtra,Mumbai,Furniture,Table,P416,Table Model,HP,3,2913,0.15,2184.75,7428.15,873.9,UPI,Home Office,Express,7,Yes,4.2
ORD00666,2024-08-20,CUST1665,Customer 666,Female,27,East,West Bengal,Kolkata,Clothing,Shirt,P635,Shirt Model,Samsung,1,4287,0.05,3215.25,4072.65,857.4,Cash,Home Office,Standard,3,No,3.9
ORD00667,2024-05-30,CUST1666,Customer 667,Male,49,North,Delhi,New Delhi,Groceries,Rice,P413,Rice Model,Dell,2,2518,0.0,1888.5,5036.0,1259.0,Card,Corporate,Standard,1,No,3.7
ORD00668,2024-05-25,CUST1667,Customer 668,Male,36,South,Tamil Nadu,Chennai,Electronics,Phone,P324,Phone Model,Dell,2,1811,0.15,1358.25,3078.7,362.2,Card,Corporate,Standard,7,No,4.1
ORD00669,2024-02-20,CUST1668,Customer 669,Female,55,East,West Bengal,Kolkata,Clothing,Shoes,P242,Shoes Model,HP,2,4819,0.15,3614.25,8192.3,963.8,Card,Consumer,Express,5,Yes,4.0
ORD00670,2024-02-13,CUST1669,Customer 670,Male,51,East,West Bengal,Kolkata,Groceries,Rice,P552,Rice Model,Samsung,4,3779,0.0,2834.25,15116.0,3779.0,Cash,Home Office,Express,4,No,4.1
ORD00671,2024-08-03,CUST1670,Customer 671,Male,26,West,Maharashtra,Mumbai,Groceries,Rice,P729,Rice Model,Samsung,5,416,0.15,312.0,1768.0,208.0,UPI,Home Office,Express,2,No,3.6
ORD00672,2024-07-20,CUST1671,Customer 672,Male,23,South,Tamil Nadu,Chennai,Groceries,Rice,P156,Rice Model,Samsung,4,4443,0.15,3332.25,15106.2,1777.2,Cash,Consumer,Express,5,Yes,4.7
ORD00673,2024-10-16,CUST1672,Customer 673,Male,51,West,Maharashtra,Mumbai,Clothing,Shirt,P247,Shirt Model,Nike,1,4989,0.0,3741.75,4989.0,1247.25,UPI,Consumer,Standard,3,No,4.6
ORD00674,2024-01-04,CUST1673,Customer 674,Male,51,West,Maharashtra,Mumbai,Furniture,Chair,P199,Chair Model,HP,1,200,0.05,150.0,190.0,40.0,UPI,Consumer,Express,1,No,4.1
ORD00675,2024-03-03,CUST1674,Customer 675,Female,60,East,West Bengal,Kolkata,Groceries,Milk,P731,Milk Model,Dell,2,2124,0.1,1593.0,3823.2,637.2,Card,Consumer,Standard,2,Yes,4.7
ORD00676,2024-12-02,CUST1675,Customer 676,Female,60,South,Tamil Nadu,Chennai,Furniture,Chair,P202,Chair Model,Nike,4,4135,0.1,3101.25,14886.0,2481.0,Card,Home Office,Express,4,No,4.5
ORD00677,2024-02-24,CUST1676,Customer 677,Female,25,West,Maharashtra,Mumbai,Groceries,Milk,P677,Milk Model,Nike,2,429,0.1,321.75,772.2,128.7,UPI,Home Office,Express,1,No,3.6
ORD00678,2024-06-30,CUST1677,Customer 678,Female,50,South,Tamil Nadu,Chennai,Groceries,Milk,P976,Milk Model,HP,3,274,0.05,205.5,780.9,164.4,Card,Home Office,Express,5,Yes,3.8
ORD00679,2024-03-18,CUST1678,Customer 679,Female,22,East,West Bengal,Kolkata,Clothing,Shoes,P959,Shoes Model,Nike,2,2480,0.1,1860.0,4464.0,744.0,Card,Corporate,Standard,5,No,3.7
ORD00680,2024-06-14,CUST1679,Customer 680,Male,24,East,West Bengal,Kolkata,Groceries,Rice,P781,Rice Model,Dell,1,441,0.05,330.75,418.95,88.2,Card,Home Office,Express,3,Yes,5.0
ORD00681,2024-05-01,CUST1680,Customer 681,Female,25,North,Delhi,New Delhi,Furniture,Table,P138,Table Model,Dell,4,727,0.0,545.25,2908.0,727.0,Card,Corporate,Standard,2,No,3.7
ORD00682,2024-08-18,CUST1681,Customer 682,Female,36,West,Maharashtra,Mumbai,Furniture,Chair,P330,Chair Model,HP,2,2268,0.15,1701.0,3855.6,453.6,Cash,Consumer,Express,7,Yes,3.6
ORD00683,2024-01-13,CUST1682,Customer 683,Female,54,North,Delhi,New Delhi,Furniture,Chair,P659,Chair Model,Dell,2,242,0.1,181.5,435.6,72.6,Card,Consumer,Express,2,Yes,4.4
ORD00684,2024-08-30,CUST1683,Customer 684,Female,22,East,West Bengal,Kolkata,Clothing,Shirt,P682,Shirt Model,Dell,1,3795,0.15,2846.25,3225.75,379.5,UPI,Home Office,Express,1,Yes,4.2
ORD00685,2024-01-27,CUST1684,Customer 685,Female,22,East,West Bengal,Kolkata,Electronics,Laptop,P993,Laptop Model,HP,3,2259,0.15,1694.25,5760.45,677.7,Card,Consumer,Standard,7,No,4.1
ORD00686,2024-01-30,CUST1685,Customer 686,Female,34,North,Delhi,New Delhi,Groceries,Milk,P305,Milk Model,Samsung,1,464,0.1,348.0,417.6,69.6,UPI,Consumer,Standard,5,No,4.9
ORD00687,2024-12-05,CUST1686,Customer 687,Female,22,North,Delhi,New Delhi,Furniture,Table,P526,Table Model,Dell,1,4819,0.0,3614.25,4819.0,1204.75,Cash,Corporate,Standard,3,Yes,3.7
ORD00688,2024-09-11,CUST1687,Customer 688,Male,21,South,Tamil Nadu,Chennai,Clothing,Shoes,P126,Shoes Model,HP,4,2685,0.05,2013.75,10203.0,2148.0,Cash,Home Office,Express,6,Yes,4.3
ORD00689,2024-01-27,CUST1688,Customer 689,Male,46,West,Maharashtra,Mumbai,Groceries,Rice,P220,Rice Model,Samsung,4,3696,0.05,2772.0,14044.8,2956.8,Card,Consumer,Express,4,Yes,3.9
ORD00690,2024-02-17,CUST1689,Customer 690,Male,33,North,Delhi,New Delhi,Furniture,Table,P932,Table Model,Dell,5,4853,0.0,3639.75,24265.0,6066.25,UPI,Consumer,Standard,4,Yes,3.9
ORD00691,2024-06-09,CUST1690,Customer 691,Male,60,East,West Bengal,Kolkata,Furniture,Table,P178,Table Model,Dell,2,3458,0.15,2593.5,5878.6,691.6,Card,Home Office,Standard,4,No,4.8
ORD00692,2024-04-22,CUST1691,Customer 692,Female,38,West,Maharashtra,Mumbai,Clothing,Shoes,P814,Shoes Model,Dell,5,2597,0.05,1947.75,12335.75,2597.0,UPI,Corporate,Express,6,No,3.9
ORD00693,2024-04-14,CUST1692,Customer 693,Female,27,South,Tamil Nadu,Chennai,Furniture,Table,P136,Table Model,HP,5,1926,0.0,1444.5,9630.0,2407.5,Cash,Corporate,Express,1,Yes,4.2
ORD00694,2024-01-18,CUST1693,Customer 694,Female,57,East,West Bengal,Kolkata,Clothing,Shoes,P493,Shoes Model,Nike,3,892,0.0,669.0,2676.0,669.0,UPI,Corporate,Express,4,Yes,3.8
ORD00695,2024-07-13,CUST1694,Customer 695,Male,56,South,Tamil Nadu,Chennai,Groceries,Rice,P872,Rice Model,Samsung,3,456,0.1,342.0,1231.2,205.2,Card,Home Office,Standard,7,Yes,4.0
ORD00696,2024-11-14,CUST1695,Customer 696,Female,52,West,Maharashtra,Mumbai,Groceries,Rice,P574,Rice Model,Nike,1,4732,0.15,3549.0,4022.2,473.2,Cash,Home Office,Express,2,No,4.2
ORD00697,2024-05-01,CUST1696,Customer 697,Female,39,South,Tamil Nadu,Chennai,Electronics,Phone,P684,Phone Model,Nike,3,900,0.05,675.0,2565.0,540.0,UPI,Home Office,Express,3,No,4.5
ORD00698,2024-11-30,CUST1697,Customer 698,Male,46,North,Delhi,New Delhi,Electronics,Phone,P573,Phone Model,Dell,5,2829,0.1,2121.75,12730.5,2121.75,Card,Consumer,Express,1,No,4.2
ORD00699,2024-10-11,CUST1698,Customer 699,Female,22,South,Tamil Nadu,Chennai,Groceries,Rice,P551,Rice Model,HP,5,851,0.1,638.25,3829.5,638.25,Card,Corporate,Express,7,No,3.7
ORD00700,2024-11-18,CUST1699,Customer 700,Male,50,South,Tamil Nadu,Chennai,Furniture,Chair,P981,Chair Model,Nike,2,1137,0.0,852.75,2274.0,568.5,Cash,Corporate,Standard,5,Yes,3.6
ORD00701,2024-05-12,CUST1700,Customer 701,Female,24,East,West Bengal,Kolkata,Electronics,Phone,P179,Phone Model,Nike,5,566,0.05,424.5,2688.5,566.0,UPI,Home Office,Standard,2,Yes,4.0
ORD00702,2024-07-09,CUST1701,Customer 702,Female,56,West,Maharashtra,Mumbai,Electronics,Phone,P907,Phone Model,Samsung,3,1372,0.0,1029.0,4116.0,1029.0,Card,Corporate,Express,4,No,4.4
ORD00703,2024-03-23,CUST1702,Customer 703,Male,38,East,West Bengal,Kolkata,Electronics,Phone,P623,Phone Model,Samsung,2,409,0.0,306.75,818.0,204.5,UPI,Corporate,Standard,6,Yes,4.1
ORD00704,2024-11-28,CUST1703,Customer 704,Male,51,North,Delhi,New Delhi,Electronics,Laptop,P917,Laptop Model,Dell,5,4324,0.15,3243.0,18377.0,2162.0,Cash,Corporate,Express,3,No,3.8
ORD00705,2024-10-21,CUST1704,Customer 705,Female,38,East,West Bengal,Kolkata,Furniture,Table,P866,Table Model,Dell,2,3165,0.05,2373.75,6013.5,1266.0,Cash,Consumer,Express,6,No,4.0
ORD00706,2024-06-29,CUST1705,Customer 706,Female,32,North,Delhi,New Delhi,Clothing,Shoes,P683,Shoes Model,HP,5,2087,0.15,1565.25,8869.75,1043.5,Cash,Consumer,Express,6,Yes,4.4
ORD00707,2024-05-26,CUST1706,Customer 707,Male,54,East,West Bengal,Kolkata,Clothing,Shirt,P606,Shirt Model,HP,1,3546,0.15,2659.5,3014.1,354.6,UPI,Corporate,Standard,2,Yes,4.1
ORD00708,2024-10-10,CUST1707,Customer 708,Male,22,West,Maharashtra,Mumbai,Electronics,Laptop,P235,Laptop Model,Nike,1,3734,0.0,2800.5,3734.0,933.5,Card,Corporate,Standard,4,Yes,4.6
ORD00709,2024-03-01,CUST1708,Customer 709,Female,44,East,West Bengal,Kolkata,Clothing,Shirt,P745,Shirt Model,Nike,1,804,0.1,603.0,723.6,120.6,Cash,Corporate,Express,7,No,4.6
ORD00710,2024-04-03,CUST1709,Customer 710,Female,38,North,Delhi,New Delhi,Furniture,Chair,P549,Chair Model,HP,5,3230,0.15,2422.5,13727.5,1615.0,Cash,Home Office,Express,7,Yes,3.8
ORD00711,2024-09-09,CUST1710,Customer 711,Female,29,East,West Bengal,Kolkata,Electronics,Phone,P246,Phone Model,Dell,3,2844,0.15,2133.0,7252.2,853.2,Cash,Home Office,Standard,4,No,4.4
ORD00712,2024-11-11,CUST1711,Customer 712,Female,35,East,West Bengal,Kolkata,Electronics,Phone,P598,Phone Model,Nike,3,1556,0.0,1167.0,4668.0,1167.0,UPI,Consumer,Express,3,Yes,4.9
ORD00713,2024-12-07,CUST1712,Customer 713,Male,56,East,West Bengal,Kolkata,Furniture,Chair,P140,Chair Model,HP,2,4723,0.05,3542.25,8973.7,1889.2,UPI,Corporate,Standard,3,Yes,3.9
ORD00714,2024-10-19,CUST1713,Customer 714,Male,46,West,Maharashtra,Mumbai,Groceries,Rice,P542,Rice Model,Nike,4,2616,0.0,1962.0,10464.0,2616.0,Card,Consumer,Standard,3,Yes,5.0
ORD00715,2024-02-10,CUST1714,Customer 715,Female,47,South,Tamil Nadu,Chennai,Electronics,Phone,P745,Phone Model,Dell,2,4353,0.1,3264.75,7835.4,1305.9,Cash,Home Office,Express,1,No,3.7
ORD00716,2024-12-27,CUST1715,Customer 716,Female,32,East,West Bengal,Kolkata,Furniture,Chair,P789,Chair Model,HP,1,2214,0.05,1660.5,2103.3,442.8,Card,Corporate,Standard,4,Yes,4.6
ORD00717,2024-05-24,CUST1716,Customer 717,Female,22,South,Tamil Nadu,Chennai,Furniture,Chair,P602,Chair Model,HP,5,1954,0.0,1465.5,9770.0,2442.5,Cash,Consumer,Standard,4,No,4.4
ORD00718,2024-11-19,CUST1717,Customer 718,Male,36,South,Tamil Nadu,Chennai,Clothing,Shoes,P784,Shoes Model,Nike,5,1675,0.1,1256.25,7537.5,1256.25,Card,Home Office,Express,5,No,4.3
ORD00719,2024-05-31,CUST1718,Customer 719,Female,33,North,Delhi,New Delhi,Furniture,Chair,P778,Chair Model,Nike,3,3637,0.15,2727.75,9274.35,1091.1,UPI,Consumer,Express,3,Yes,4.0
ORD00720,2024-07-22,CUST1719,Customer 720,Male,36,South,Tamil Nadu,Chennai,Groceries,Milk,P374,Milk Model,HP,5,3575,0.05,2681.25,16981.25,3575.0,Card,Consumer,Express,3,No,4.1
ORD00721,2024-08-14,CUST1720,Customer 721,Male,39,West,Maharashtra,Mumbai,Groceries,Milk,P751,Milk Model,Dell,1,2398,0.15,1798.5,2038.3,239.8,Card,Corporate,Express,2,Yes,4.3
ORD00722,2024-11-16,CUST1721,Customer 722,Male,42,North,Delhi,New Delhi,Clothing,Shirt,P192,Shirt Model,Samsung,5,4621,0.0,3465.75,23105.0,5776.25,Card,Home Office,Standard,6,Yes,4.3
ORD00723,2024-07-04,CUST1722,Customer 723,Female,39,South,Tamil Nadu,Chennai,Furniture,Table,P523,Table Model,HP,2,2577,0.05,1932.75,4896.3,1030.8,Cash,Home Office,Standard,1,Yes,4.8
ORD00724,2024-09-26,CUST1723,Customer 724,Female,19,North,Delhi,New Delhi,Groceries,Milk,P335,Milk Model,HP,1,1485,0.1,1113.75,1336.5,222.75,UPI,Corporate,Standard,7,No,4.5
ORD00725,2024-03-08,CUST1724,Customer 725,Male,18,East,West Bengal,Kolkata,Electronics,Laptop,P860,Laptop Model,HP,1,4332,0.15,3249.0,3682.2,433.2,UPI,Home Office,Express,2,No,4.7
ORD00726,2024-08-05,CUST1725,Customer 726,Female,59,North,Delhi,New Delhi,Clothing,Shoes,P690,Shoes Model,Nike,4,1860,0.0,1395.0,7440.0,1860.0,Card,Corporate,Express,1,Yes,5.0
ORD00727,2024-10-14,CUST1726,Customer 727,Female,19,East,West Bengal,Kolkata,Groceries,Milk,P608,Milk Model,Nike,5,4350,0.05,3262.5,20662.5,4350.0,Card,Home Office,Standard,4,Yes,4.4
ORD00728,2024-01-13,CUST1727,Customer 728,Female,39,West,Maharashtra,Mumbai,Furniture,Table,P247,Table Model,Dell,3,4105,0.0,3078.75,12315.0,3078.75,UPI,Home Office,Standard,2,No,4.4
ORD00729,2024-02-12,CUST1728,Customer 729,Male,49,South,Tamil Nadu,Chennai,Groceries,Milk,P358,Milk Model,Nike,5,4841,0.05,3630.75,22994.75,4841.0,Card,Home Office,Express,7,Yes,3.6
ORD00730,2024-12-18,CUST1729,Customer 730,Female,38,West,Maharashtra,Mumbai,Electronics,Phone,P767,Phone Model,HP,2,4807,0.15,3605.25,8171.9,961.4,Card,Corporate,Express,5,Yes,4.9
ORD00731,2024-08-05,CUST1730,Customer 731,Male,30,North,Delhi,New Delhi,Groceries,Rice,P548,Rice Model,Dell,1,1527,0.0,1145.25,1527.0,381.75,UPI,Corporate,Express,2,No,3.7
ORD00732,2024-10-07,CUST1731,Customer 732,Female,35,West,Maharashtra,Mumbai,Groceries,Rice,P635,Rice Model,Samsung,3,1163,0.15,872.25,2965.65,348.9,Cash,Corporate,Standard,2,No,4.3
ORD00733,2024-04-14,CUST1732,Customer 733,Male,28,East,West Bengal,Kolkata,Clothing,Shoes,P636,Shoes Model,Nike,4,1925,0.1,1443.75,6930.0,1155.0,UPI,Corporate,Express,2,Yes,4.2
ORD00734,2024-01-03,CUST1733,Customer 734,Female,24,East,West Bengal,Kolkata,Furniture,Chair,P162,Chair Model,Nike,1,4605,0.15,3453.75,3914.25,460.5,Cash,Consumer,Standard,3,Yes,4.0
ORD00735,2024-01-08,CUST1734,Customer 735,Female,57,South,Tamil Nadu,Chennai,Clothing,Shoes,P885,Shoes Model,Nike,4,4987,0.1,3740.25,17953.2,2992.2,Card,Home Office,Standard,1,Yes,3.7
ORD00736,2024-04-20,CUST1735,Customer 736,Female,39,East,West Bengal,Kolkata,Furniture,Table,P689,Table Model,Samsung,5,1038,0.05,778.5,4930.5,1038.0,Cash,Home Office,Express,2,Yes,3.5
ORD00737,2024-04-28,CUST1736,Customer 737,Male,38,South,Tamil Nadu,Chennai,Electronics,Laptop,P179,Laptop Model,Dell,2,1550,0.15,1162.5,2635.0,310.0,UPI,Home Office,Express,4,No,4.0
ORD00738,2024-09-13,CUST1737,Customer 738,Female,37,North,Delhi,New Delhi,Furniture,Table,P958,Table Model,Samsung,4,3358,0.15,2518.5,11417.2,1343.2,Cash,Consumer,Standard,2,No,4.6
ORD00739,2024-08-11,CUST1738,Customer 739,Female,29,West,Maharashtra,Mumbai,Groceries,Milk,P125,Milk Model,Samsung,1,4770,0.15,3577.5,4054.5,477.0,Card,Home Office,Express,6,No,3.8
ORD00740,2024-10-13,CUST1739,Customer 740,Female,41,South,Tamil Nadu,Chennai,Groceries,Milk,P638,Milk Model,HP,2,287,0.05,215.25,545.3,114.8,UPI,Home Office,Express,3,Yes,4.9
ORD00741,2024-05-09,CUST1740,Customer 741,Male,34,North,Delhi,New Delhi,Clothing,Shirt,P380,Shirt Model,Dell,3,4121,0.15,3090.75,10508.55,1236.3,Cash,Consumer,Express,5,No,4.2
ORD00742,2024-08-30,CUST1741,Customer 742,Male,23,North,Delhi,New Delhi,Electronics,Phone,P529,Phone Model,Dell,1,1454,0.05,1090.5,1381.3,290.8,UPI,Corporate,Standard,3,Yes,4.8
ORD00743,2024-05-22,CUST1742,Customer 743,Male,60,South,Tamil Nadu,Chennai,Electronics,Phone,P512,Phone Model,Nike,3,1586,0.1,1189.5,4282.2,713.7,Cash,Home Office,Standard,1,Yes,4.7
ORD00744,2024-09-13,CUST1743,Customer 744,Female,56,South,Tamil Nadu,Chennai,Clothing,Shirt,P303,Shirt Model,Nike,2,3832,0.0,2874.0,7664.0,1916.0,UPI,Home Office,Standard,3,No,4.3
ORD00745,2024-03-01,CUST1744,Customer 745,Male,23,East,West Bengal,Kolkata,Groceries,Rice,P286,Rice Model,Dell,5,3992,0.0,2994.0,19960.0,4990.0,UPI,Corporate,Standard,7,Yes,4.7
ORD00746,2024-04-21,CUST1745,Customer 746,Male,37,East,West Bengal,Kolkata,Groceries,Rice,P154,Rice Model,Nike,2,2721,0.05,2040.75,5169.9,1088.4,Cash,Corporate,Standard,3,Yes,4.3
ORD00747,2024-07-30,CUST1746,Customer 747,Female,46,South,Tamil Nadu,Chennai,Furniture,Table,P370,Table Model,Dell,2,1650,0.1,1237.5,2970.0,495.0,Card,Corporate,Express,3,No,4.7
ORD00748,2024-12-17,CUST1747,Customer 748,Female,40,South,Tamil Nadu,Chennai,Electronics,Phone,P761,Phone Model,Samsung,2,4606,0.05,3454.5,8751.4,1842.4,UPI,Corporate,Express,1,Yes,3.9
ORD00749,2024-08-27,CUST1748,Customer 749,Male,47,East,West Bengal,Kolkata,Electronics,Laptop,P700,Laptop Model,Samsung,5,1727,0.15,1295.25,7339.75,863.5,Card,Home Office,Express,6,Yes,4.0
ORD00750,2024-02-23,CUST1749,Customer 750,Female,59,East,West Bengal,Kolkata,Electronics,Laptop,P202,Laptop Model,HP,4,4095,0.1,3071.25,14742.0,2457.0,Card,Corporate,Standard,4,Yes,4.6
ORD00751,2024-08-12,CUST1750,Customer 751,Female,56,West,Maharashtra,Mumbai,Groceries,Milk,P445,Milk Model,Nike,4,2195,0.1,1646.25,7902.0,1317.0,Cash,Corporate,Express,1,Yes,4.6
ORD00752,2024-09-16,CUST1751,Customer 752,Male,28,North,Delhi,New Delhi,Groceries,Milk,P624,Milk Model,HP,3,4930,0.15,3697.5,12571.5,1479.0,Card,Home Office,Standard,5,Yes,3.7
ORD00753,2024-06-19,CUST1752,Customer 753,Female,28,North,Delhi,New Delhi,Electronics,Phone,P571,Phone Model,Dell,2,3035,0.15,2276.25,5159.5,607.0,Cash,Consumer,Standard,2,No,4.0
ORD00754,2024-04-04,CUST1753,Customer 754,Female,18,South,Tamil Nadu,Chennai,Furniture,Table,P588,Table Model,HP,1,2204,0.05,1653.0,2093.8,440.8,Card,Consumer,Express,5,No,4.5
ORD00755,2024-08-29,CUST1754,Customer 755,Female,26,West,Maharashtra,Mumbai,Groceries,Rice,P509,Rice Model,Samsung,1,3375,0.05,2531.25,3206.25,675.0,Card,Home Office,Express,5,No,4.3
ORD00756,2024-06-26,CUST1755,Customer 756,Female,41,West,Maharashtra,Mumbai,Electronics,Laptop,P448,Laptop Model,Dell,5,1659,0.05,1244.25,7880.25,1659.0,Cash,Home Office,Express,1,Yes,3.7
ORD00757,2024-04-06,CUST1756,Customer 757,Female,59,North,Delhi,New Delhi,Furniture,Table,P284,Table Model,Nike,4,960,0.1,720.0,3456.0,576.0,UPI,Corporate,Express,4,No,3.6
ORD00758,2024-08-03,CUST1757,Customer 758,Male,40,South,Tamil Nadu,Chennai,Furniture,Table,P802,Table Model,Dell,5,1071,0.15,803.25,4551.75,535.5,Cash,Corporate,Standard,2,No,3.7
ORD00759,2024-09-16,CUST1758,Customer 759,Male,37,West,Maharashtra,Mumbai,Groceries,Rice,P535,Rice Model,Samsung,4,3490,0.15,2617.5,11866.0,1396.0,Cash,Home Office,Standard,5,No,4.3
ORD00760,2024-08-30,CUST1759,Customer 760,Male,27,East,West Bengal,Kolkata,Clothing,Shirt,P107,Shirt Model,Samsung,2,3673,0.15,2754.75,6244.1,734.6,Cash,Home Office,Express,2,No,4.2
ORD00761,2024-08-25,CUST1760,Customer 761,Male,56,East,West Bengal,Kolkata,Electronics,Laptop,P802,Laptop Model,Samsung,4,3970,0.1,2977.5,14292.0,2382.0,Card,Corporate,Express,6,No,4.7
ORD00762,2024-01-13,CUST1761,Customer 762,Female,38,East,West Bengal,Kolkata,Furniture,Table,P404,Table Model,Dell,3,3616,0.0,2712.0,10848.0,2712.0,Cash,Consumer,Express,6,Yes,4.3
ORD00763,2024-07-21,CUST1762,Customer 763,Male,58,South,Tamil Nadu,Chennai,Furniture,Chair,P605,Chair Model,Nike,5,974,0.05,730.5,4626.5,974.0,Card,Corporate,Express,6,Yes,4.9
ORD00764,2024-09-25,CUST1763,Customer 764,Male,56,West,Maharashtra,Mumbai,Electronics,Laptop,P841,Laptop Model,Dell,3,3253,0.0,2439.75,9759.0,2439.75,Card,Home Office,Standard,3,No,4.1
ORD00765,2024-01-12,CUST1764,Customer 765,Female,37,South,Tamil Nadu,Chennai,Clothing,Shirt,P730,Shirt Model,HP,4,1153,0.05,864.75,4381.4,922.4,Cash,Consumer,Express,5,No,3.8
ORD00766,2024-08-11,CUST1765,Customer 766,Male,36,East,West Bengal,Kolkata,Furniture,Table,P379,Table Model,Dell,5,574,0.15,430.5,2439.5,287.0,Card,Consumer,Standard,7,No,4.5
ORD00767,2024-05-20,CUST1766,Customer 767,Male,38,East,West Bengal,Kolkata,Groceries,Milk,P326,Milk Model,Dell,1,2013,0.05,1509.75,1912.35,402.6,Cash,Corporate,Express,5,No,4.5
ORD00768,2024-06-17,CUST1767,Customer 768,Female,46,West,Maharashtra,Mumbai,Groceries,Rice,P255,Rice Model,Nike,3,2990,0.1,2242.5,8073.0,1345.5,Cash,Corporate,Standard,5,Yes,4.5
ORD00769,2024-05-10,CUST1768,Customer 769,Male,31,West,Maharashtra,Mumbai,Electronics,Laptop,P865,Laptop Model,Samsung,4,4798,0.1,3598.5,17272.8,2878.8,Card,Corporate,Express,4,No,3.5
ORD00770,2024-11-15,CUST1769,Customer 770,Female,33,South,Tamil Nadu,Chennai,Clothing,Shoes,P484,Shoes Model,HP,4,391,0.1,293.25,1407.6,234.6,Card,Home Office,Standard,1,No,3.8
ORD00771,2024-02-26,CUST1770,Customer 771,Female,31,East,West Bengal,Kolkata,Furniture,Chair,P528,Chair Model,Samsung,4,4706,0.15,3529.5,16000.4,1882.4,Card,Corporate,Standard,6,No,4.3
ORD00772,2024-09-29,CUST1771,Customer 772,Female,28,West,Maharashtra,Mumbai,Furniture,Table,P994,Table Model,HP,4,4000,0.1,3000.0,14400.0,2400.0,Card,Corporate,Standard,5,No,4.6
ORD00773,2024-12-01,CUST1772,Customer 773,Female,30,South,Tamil Nadu,Chennai,Electronics,Phone,P751,Phone Model,Dell,5,3625,0.15,2718.75,15406.25,1812.5,Cash,Consumer,Standard,5,Yes,4.4
ORD00774,2024-07-28,CUST1773,Customer 774,Male,41,North,Delhi,New Delhi,Clothing,Shirt,P123,Shirt Model,Nike,2,4863,0.15,3647.25,8267.1,972.6,Cash,Home Office,Standard,7,Yes,4.2
ORD00775,2024-05-02,CUST1774,Customer 775,Male,19,South,Tamil Nadu,Chennai,Groceries,Rice,P311,Rice Model,Nike,3,1286,0.1,964.5,3472.2,578.7,Card,Consumer,Express,2,Yes,5.0
ORD00776,2024-09-13,CUST1775,Customer 776,Male,20,North,Delhi,New Delhi,Clothing,Shirt,P798,Shirt Model,Nike,2,3986,0.0,2989.5,7972.0,1993.0,Cash,Corporate,Express,1,No,4.9
ORD00777,2024-10-02,CUST1776,Customer 777,Female,20,North,Delhi,New Delhi,Electronics,Phone,P472,Phone Model,Nike,4,689,0.1,516.75,2480.4,413.4,Cash,Home Office,Express,4,Yes,3.7
ORD00778,2024-05-14,CUST1777,Customer 778,Male,48,North,Delhi,New Delhi,Furniture,Table,P315,Table Model,Samsung,4,2983,0.05,2237.25,11335.4,2386.4,UPI,Corporate,Standard,4,No,4.6
ORD00779,2024-05-13,CUST1778,Customer 779,Female,56,East,West Bengal,Kolkata,Clothing,Shoes,P136,Shoes Model,HP,3,3889,0.1,2916.75,10500.3,1750.05,UPI,Home Office,Express,1,Yes,4.8
ORD00780,2024-10-15,CUST1779,Customer 780,Female,46,East,West Bengal,Kolkata,Clothing,Shoes,P789,Shoes Model,Samsung,2,4850,0.1,3637.5,8730.0,1455.0,UPI,Home Office,Standard,2,No,4.8
ORD00781,2024-05-11,CUST1780,Customer 781,Male,34,South,Tamil Nadu,Chennai,Electronics,Laptop,P472,Laptop Model,Nike,5,2681,0.05,2010.75,12734.75,2681.0,Card,Home Office,Standard,3,Yes,4.4
ORD00782,2024-09-13,CUST1781,Customer 782,Male,48,East,West Bengal,Kolkata,Clothing,Shoes,P488,Shoes Model,Dell,4,1585,0.15,1188.75,5389.0,634.0,Cash,Consumer,Express,2,No,3.8
ORD00783,2024-03-17,CUST1782,Customer 783,Male,51,East,West Bengal,Kolkata,Electronics,Laptop,P333,Laptop Model,HP,3,4286,0.15,3214.5,10929.3,1285.8,Card,Home Office,Standard,4,Yes,4.9
ORD00784,2024-09-16,CUST1783,Customer 784,Male,34,North,Delhi,New Delhi,Clothing,Shirt,P916,Shirt Model,HP,1,3858,0.05,2893.5,3665.1,771.6,Cash,Home Office,Standard,2,No,3.8
ORD00785,2024-11-07,CUST1784,Customer 785,Female,21,East,West Bengal,Kolkata,Clothing,Shirt,P312,Shirt Model,HP,2,721,0.05,540.75,1369.9,288.4,UPI,Home Office,Express,4,Yes,4.3
ORD00786,2024-01-27,CUST1785,Customer 786,Male,48,East,West Bengal,Kolkata,Electronics,Laptop,P302,Laptop Model,Dell,4,1153,0.15,864.75,3920.2,461.2,Cash,Home Office,Standard,5,No,3.9
ORD00787,2024-01-05,CUST1786,Customer 787,Female,44,West,Maharashtra,Mumbai,Electronics,Phone,P715,Phone Model,Samsung,2,3937,0.0,2952.75,7874.0,1968.5,Card,Home Office,Standard,3,No,4.3
ORD00788,2024-11-26,CUST1787,Customer 788,Female,25,East,West Bengal,Kolkata,Clothing,Shirt,P874,Shirt Model,HP,3,2455,0.1,1841.25,6628.5,1104.75,Card,Consumer,Express,5,No,4.2
ORD00789,2024-04-01,CUST1788,Customer 789,Male,30,North,Delhi,New Delhi,Groceries,Milk,P897,Milk Model,Dell,1,3830,0.1,2872.5,3447.0,574.5,UPI,Consumer,Express,5,No,4.0
ORD00790,2024-09-28,CUST1789,Customer 790,Female,28,West,Maharashtra,Mumbai,Electronics,Phone,P296,Phone Model,Nike,5,1922,0.05,1441.5,9129.5,1922.0,UPI,Consumer,Standard,3,No,4.5
ORD00791,2024-08-01,CUST1790,Customer 791,Male,37,East,West Bengal,Kolkata,Furniture,Table,P441,Table Model,Samsung,4,2687,0.1,2015.25,9673.2,1612.2,Cash,Corporate,Express,3,No,4.3
ORD00792,2024-08-01,CUST1791,Customer 792,Female,35,North,Delhi,New Delhi,Groceries,Rice,P119,Rice Model,HP,4,3096,0.05,2322.0,11764.8,2476.8,UPI,Home Office,Express,3,No,3.5
ORD00793,2024-08-06,CUST1792,Customer 793,Female,24,West,Maharashtra,Mumbai,Clothing,Shirt,P176,Shirt Model,HP,2,4320,0.15,3240.0,7344.0,864.0,UPI,Corporate,Express,6,No,4.9
ORD00794,2024-01-24,CUST1793,Customer 794,Male,21,West,Maharashtra,Mumbai,Groceries,Rice,P754,Rice Model,Samsung,3,3272,0.0,2454.0,9816.0,2454.0,Card,Home Office,Express,4,No,3.7
ORD00795,2024-03-09,CUST1794,Customer 795,Male,53,North,Delhi,New Delhi,Clothing,Shoes,P190,Shoes Model,Nike,2,1432,0.1,1074.0,2577.6,429.6,UPI,Corporate,Express,5,No,4.5
ORD00796,2024-03-12,CUST1795,Customer 796,Female,47,North,Delhi,New Delhi,Clothing,Shoes,P333,Shoes Model,Nike,4,1959,0.05,1469.25,7444.2,1567.2,Card,Corporate,Standard,6,No,3.9
ORD00797,2024-01-12,CUST1796,Customer 797,Male,51,South,Tamil Nadu,Chennai,Electronics,Phone,P161,Phone Model,Samsung,4,3446,0.15,2584.5,11716.4,1378.4,UPI,Home Office,Express,1,No,4.7
ORD00798,2024-09-08,CUST1797,Customer 798,Male,52,East,West Bengal,Kolkata,Clothing,Shirt,P262,Shirt Model,Dell,1,4830,0.0,3622.5,4830.0,1207.5,Cash,Corporate,Standard,7,Yes,4.7
ORD00799,2024-08-08,CUST1798,Customer 799,Male,59,East,West Bengal,Kolkata,Groceries,Milk,P689,Milk Model,Samsung,2,2906,0.0,2179.5,5812.0,1453.0,Card,Home Office,Express,1,No,4.4
ORD00800,2024-01-04,CUST1799,Customer 800,Male,34,West,Maharashtra,Mumbai,Electronics,Laptop,P976,Laptop Model,HP,2,2840,0.15,2130.0,4828.0,568.0,Cash,Home Office,Express,5,No,4.5
ORD00801,2024-04-12,CUST1800,Customer 801,Male,24,East,West Bengal,Kolkata,Furniture,Chair,P126,Chair Model,Dell,2,1888,0.1,1416.0,3398.4,566.4,UPI,Home Office,Express,1,No,4.8
ORD00802,2024-04-27,CUST1801,Customer 802,Male,31,South,Tamil Nadu,Chennai,Furniture,Table,P890,Table Model,Samsung,2,3675,0.1,2756.25,6615.0,1102.5,UPI,Consumer,Express,1,No,3.5
ORD00803,2024-04-16,CUST1802,Customer 803,Male,42,West,Maharashtra,Mumbai,Electronics,Phone,P704,Phone Model,Dell,4,3470,0.05,2602.5,13186.0,2776.0,UPI,Consumer,Standard,2,Yes,3.7
ORD00804,2024-09-07,CUST1803,Customer 804,Female,48,East,West Bengal,Kolkata,Clothing,Shoes,P361,Shoes Model,Dell,2,1923,0.0,1442.25,3846.0,961.5,Card,Consumer,Standard,4,No,4.1
ORD00805,2024-02-21,CUST1804,Customer 805,Male,23,East,West Bengal,Kolkata,Clothing,Shoes,P766,Shoes Model,Nike,1,3756,0.1,2817.0,3380.4,563.4,Card,Consumer,Express,6,No,3.6
ORD00806,2024-05-07,CUST1805,Customer 806,Female,20,South,Tamil Nadu,Chennai,Electronics,Laptop,P162,Laptop Model,HP,5,1475,0.05,1106.25,7006.25,1475.0,Cash,Home Office,Express,3,No,4.7
ORD00807,2024-08-02,CUST1806,Customer 807,Male,19,South,Tamil Nadu,Chennai,Furniture,Chair,P609,Chair Model,HP,2,3190,0.0,2392.5,6380.0,1595.0,Card,Corporate,Express,7,No,4.4
ORD00808,2024-01-15,CUST1807,Customer 808,Female,20,North,Delhi,New Delhi,Clothing,Shirt,P652,Shirt Model,Nike,4,480,0.05,360.0,1824.0,384.0,Cash,Home Office,Standard,2,Yes,3.5
ORD00809,2024-04-24,CUST1808,Customer 809,Female,52,North,Delhi,New Delhi,Groceries,Rice,P550,Rice Model,HP,1,4096,0.15,3072.0,3481.6,409.6,Cash,Home Office,Standard,3,No,4.2
ORD00810,2024-05-11,CUST1809,Customer 810,Female,54,South,Tamil Nadu,Chennai,Clothing,Shoes,P300,Shoes Model,HP,5,989,0.15,741.75,4203.25,494.5,UPI,Home Office,Standard,7,Yes,3.8
ORD00811,2024-02-12,CUST1810,Customer 811,Male,34,North,Delhi,New Delhi,Groceries,Milk,P289,Milk Model,Samsung,5,1062,0.05,796.5,5044.5,1062.0,Card,Home Office,Express,6,No,4.6
ORD00812,2024-03-08,CUST1811,Customer 812,Female,58,East,West Bengal,Kolkata,Groceries,Milk,P149,Milk Model,HP,2,4946,0.0,3709.5,9892.0,2473.0,UPI,Consumer,Standard,6,Yes,4.8
ORD00813,2024-05-01,CUST1812,Customer 813,Female,40,South,Tamil Nadu,Chennai,Groceries,Milk,P292,Milk Model,Nike,1,4886,0.15,3664.5,4153.1,488.6,Card,Consumer,Express,5,No,4.3
ORD00814,2024-03-01,CUST1813,Customer 814,Female,53,East,West Bengal,Kolkata,Clothing,Shoes,P567,Shoes Model,Dell,2,2291,0.1,1718.25,4123.8,687.3,Cash,Corporate,Express,1,No,4.1
ORD00815,2024-01-14,CUST1814,Customer 815,Female,26,South,Tamil Nadu,Chennai,Electronics,Laptop,P994,Laptop Model,Samsung,4,1110,0.0,832.5,4440.0,1110.0,Card,Corporate,Express,5,Yes,4.9
ORD00816,2024-09-15,CUST1815,Customer 816,Male,40,South,Tamil Nadu,Chennai,Groceries,Rice,P638,Rice Model,HP,2,2017,0.0,1512.75,4034.0,1008.5,Cash,Home Office,Standard,7,No,4.3
ORD00817,2024-12-21,CUST1816,Customer 817,Male,52,South,Tamil Nadu,Chennai,Clothing,Shirt,P724,Shirt Model,Nike,1,1556,0.05,1167.0,1478.2,311.2,UPI,Corporate,Standard,4,No,4.1
ORD00818,2024-09-24,CUST1817,Customer 818,Male,22,West,Maharashtra,Mumbai,Groceries,Milk,P357,Milk Model,Samsung,3,1315,0.1,986.25,3550.5,591.75,UPI,Home Office,Standard,1,No,3.7
ORD00819,2024-09-03,CUST1818,Customer 819,Male,33,South,Tamil Nadu,Chennai,Furniture,Table,P954,Table Model,Samsung,2,3632,0.15,2724.0,6174.4,726.4,UPI,Consumer,Express,2,No,3.7
ORD00820,2024-10-26,CUST1819,Customer 820,Male,58,South,Tamil Nadu,Chennai,Furniture,Table,P220,Table Model,Samsung,2,2456,0.1,1842.0,4420.8,736.8,Cash,Consumer,Express,2,No,3.9
ORD00821,2024-03-04,CUST1820,Customer 821,Female,34,West,Maharashtra,Mumbai,Furniture,Chair,P215,Chair Model,Nike,3,2429,0.0,1821.75,7287.0,1821.75,Card,Home Office,Standard,6,No,4.6
ORD00822,2024-04-25,CUST1821,Customer 822,Female,21,North,Delhi,New Delhi,Electronics,Phone,P753,Phone Model,Dell,2,4251,0.15,3188.25,7226.7,850.2,Card,Home Office,Express,3,No,4.1
ORD00823,2024-05-08,CUST1822,Customer 823,Female,32,East,West Bengal,Kolkata,Electronics,Laptop,P705,Laptop Model,Nike,1,4177,0.05,3132.75,3968.15,835.4,Cash,Corporate,Standard,7,No,4.3
ORD00824,2024-10-16,CUST1823,Customer 824,Male,25,West,Maharashtra,Mumbai,Groceries,Rice,P882,Rice Model,HP,5,1083,0.0,812.25,5415.0,1353.75,Card,Home Office,Express,7,No,4.6
ORD00825,2024-01-21,CUST1824,Customer 825,Female,58,East,West Bengal,Kolkata,Groceries,Milk,P862,Milk Model,Nike,5,4482,0.0,3361.5,22410.0,5602.5,Cash,Consumer,Standard,5,Yes,3.5
ORD00826,2024-06-17,CUST1825,Customer 826,Female,40,North,Delhi,New Delhi,Clothing,Shoes,P460,Shoes Model,HP,1,3940,0.1,2955.0,3546.0,591.0,Card,Corporate,Standard,3,No,4.5
ORD00827,2024-11-21,CUST1826,Customer 827,Female,40,East,West Bengal,Kolkata,Furniture,Chair,P899,Chair Model,HP,5,4683,0.1,3512.25,21073.5,3512.25,Card,Consumer,Express,3,Yes,4.0
ORD00828,2024-06-05,CUST1827,Customer 828,Female,30,North,Delhi,New Delhi,Electronics,Phone,P371,Phone Model,Nike,3,4273,0.05,3204.75,12178.05,2563.8,Card,Corporate,Express,3,Yes,4.9
ORD00829,2024-06-14,CUST1828,Customer 829,Male,43,North,Delhi,New Delhi,Electronics,Laptop,P733,Laptop Model,Dell,5,2743,0.1,2057.25,12343.5,2057.25,UPI,Consumer,Standard,6,No,4.8
ORD00830,2024-03-15,CUST1829,Customer 830,Female,57,East,West Bengal,Kolkata,Clothing,Shoes,P683,Shoes Model,Dell,2,3355,0.0,2516.25,6710.0,1677.5,Card,Consumer,Express,7,Yes,3.9
ORD00831,2024-03-20,CUST1830,Customer 831,Male,46,East,West Bengal,Kolkata,Electronics,Phone,P763,Phone Model,HP,2,1993,0.05,1494.75,3786.7,797.2,UPI,Consumer,Express,2,Yes,4.8
ORD00832,2024-09-04,CUST1831,Customer 832,Female,34,West,Maharashtra,Mumbai,Groceries,Rice,P823,Rice Model,Samsung,4,1724,0.15,1293.0,5861.6,689.6,Card,Corporate,Express,3,Yes,4.0
ORD00833,2024-07-01,CUST1832,Customer 833,Male,50,North,Delhi,New Delhi,Furniture,Table,P825,Table Model,Nike,2,4609,0.05,3456.75,8757.1,1843.6,Cash,Corporate,Standard,7,Yes,4.6
ORD00834,2024-12-25,CUST1833,Customer 834,Female,49,South,Tamil Nadu,Chennai,Groceries,Milk,P705,Milk Model,Nike,5,635,0.15,476.25,2698.75,317.5,UPI,Consumer,Standard,5,No,4.3
ORD00835,2024-01-30,CUST1834,Customer 835,Female,54,East,West Bengal,Kolkata,Groceries,Rice,P358,Rice Model,Dell,1,3103,0.0,2327.25,3103.0,775.75,Cash,Home Office,Express,4,Yes,5.0
ORD00836,2024-04-20,CUST1835,Customer 836,Male,52,West,Maharashtra,Mumbai,Clothing,Shoes,P797,Shoes Model,Samsung,3,2105,0.15,1578.75,5367.75,631.5,UPI,Home Office,Standard,6,No,4.4
ORD00837,2024-02-06,CUST1836,Customer 837,Male,19,North,Delhi,New Delhi,Groceries,Rice,P764,Rice Model,Nike,2,2238,0.05,1678.5,4252.2,895.2,Cash,Consumer,Express,1,Yes,4.9
ORD00838,2024-10-20,CUST1837,Customer 838,Male,24,West,Maharashtra,Mumbai,Groceries,Milk,P418,Milk Model,Samsung,4,1334,0.1,1000.5,4802.4,800.4,UPI,Home Office,Express,3,No,3.6
ORD00839,2024-05-13,CUST1838,Customer 839,Female,24,West,Maharashtra,Mumbai,Furniture,Chair,P636,Chair Model,Samsung,3,868,0.1,651.0,2343.6,390.6,UPI,Home Office,Standard,5,Yes,4.5
ORD00840,2024-02-18,CUST1839,Customer 840,Female,19,South,Tamil Nadu,Chennai,Electronics,Laptop,P919,Laptop Model,Samsung,1,2877,0.15,2157.75,2445.45,287.7,UPI,Consumer,Standard,6,No,3.8
ORD00841,2024-04-21,CUST1840,Customer 841,Female,29,East,West Bengal,Kolkata,Electronics,Laptop,P619,Laptop Model,HP,5,3265,0.05,2448.75,15508.75,3265.0,Card,Consumer,Standard,5,Yes,4.7
ORD00842,2024-06-08,CUST1841,Customer 842,Male,49,East,West Bengal,Kolkata,Electronics,Phone,P297,Phone Model,HP,2,4447,0.05,3335.25,8449.3,1778.8,Cash,Corporate,Express,6,No,4.7
ORD00843,2024-02-29,CUST1842,Customer 843,Female,30,North,Delhi,New Delhi,Clothing,Shirt,P913,Shirt Model,Nike,3,1358,0.05,1018.5,3870.3,814.8,UPI,Corporate,Standard,4,Yes,4.8
ORD00844,2024-02-16,CUST1843,Customer 844,Female,30,East,West Bengal,Kolkata,Groceries,Rice,P399,Rice Model,Nike,3,2824,0.05,2118.0,8048.4,1694.4,Card,Corporate,Express,1,No,3.5
ORD00845,2024-02-23,CUST1844,Customer 845,Male,51,East,West Bengal,Kolkata,Groceries,Milk,P951,Milk Model,Dell,3,4276,0.1,3207.0,11545.2,1924.2,UPI,Consumer,Express,5,Yes,4.5
ORD00846,2024-01-25,CUST1845,Customer 846,Male,45,North,Delhi,New Delhi,Electronics,Phone,P856,Phone Model,HP,4,1742,0.1,1306.5,6271.2,1045.2,Cash,Corporate,Standard,2,Yes,4.2
ORD00847,2024-04-05,CUST1846,Customer 847,Male,20,South,Tamil Nadu,Chennai,Clothing,Shirt,P490,Shirt Model,HP,2,4257,0.05,3192.75,8088.3,1702.8,Cash,Consumer,Express,1,Yes,4.5
ORD00848,2024-06-18,CUST1847,Customer 848,Male,27,South,Tamil Nadu,Chennai,Groceries,Rice,P713,Rice Model,HP,3,3492,0.0,2619.0,10476.0,2619.0,Cash,Home Office,Express,4,No,3.8
ORD00849,2024-11-30,CUST1848,Customer 849,Female,30,East,West Bengal,Kolkata,Groceries,Rice,P936,Rice Model,Nike,4,3588,0.15,2691.0,12199.2,1435.2,Card,Home Office,Standard,6,No,3.6
ORD00850,2024-08-17,CUST1849,Customer 850,Female,22,South,Tamil Nadu,Chennai,Furniture,Chair,P287,Chair Model,Samsung,1,1144,0.05,858.0,1086.8,228.8,UPI,Home Office,Express,6,No,3.9
ORD00851,2024-05-26,CUST1850,Customer 851,Male,53,East,West Bengal,Kolkata,Clothing,Shirt,P966,Shirt Model,Nike,1,3435,0.05,2576.25,3263.25,687.0,UPI,Consumer,Standard,4,No,3.7
ORD00852,2024-04-27,CUST1851,Customer 852,Female,57,North,Delhi,New Delhi,Groceries,Rice,P479,Rice Model,Nike,1,752,0.05,564.0,714.4,150.4,Cash,Consumer,Express,5,Yes,4.5
ORD00853,2024-09-14,CUST1852,Customer 853,Male,39,South,Tamil Nadu,Chennai,Furniture,Table,P980,Table Model,Samsung,1,4859,0.0,3644.25,4859.0,1214.75,UPI,Corporate,Express,2,Yes,4.1
ORD00854,2024-03-19,CUST1853,Customer 854,Female,19,East,West Bengal,Kolkata,Electronics,Laptop,P992,Laptop Model,Nike,2,1792,0.1,1344.0,3225.6,537.6,UPI,Consumer,Express,5,Yes,3.7
ORD00855,2024-06-11,CUST1854,Customer 855,Male,38,North,Delhi,New Delhi,Electronics,Laptop,P479,Laptop Model,Dell,4,4443,0.0,3332.25,17772.0,4443.0,UPI,Consumer,Standard,1,No,3.5
ORD00856,2024-01-30,CUST1855,Customer 856,Male,59,West,Maharashtra,Mumbai,Electronics,Laptop,P943,Laptop Model,Nike,1,4817,0.0,3612.75,4817.0,1204.25,Cash,Home Office,Express,3,No,4.2
ORD00857,2024-05-01,CUST1856,Customer 857,Female,52,West,Maharashtra,Mumbai,Clothing,Shoes,P468,Shoes Model,HP,4,4125,0.05,3093.75,15675.0,3300.0,UPI,Corporate,Standard,4,No,4.8
ORD00858,2024-07-07,CUST1857,Customer 858,Female,52,North,Delhi,New Delhi,Groceries,Milk,P972,Milk Model,HP,2,548,0.15,411.0,931.6,109.6,Card,Consumer,Express,2,No,4.1
ORD00859,2024-08-01,CUST1858,Customer 859,Female,38,West,Maharashtra,Mumbai,Groceries,Milk,P781,Milk Model,Nike,4,3997,0.1,2997.75,14389.2,2398.2,UPI,Home Office,Standard,2,Yes,4.6
ORD00860,2024-10-18,CUST1859,Customer 860,Female,31,South,Tamil Nadu,Chennai,Clothing,Shoes,P502,Shoes Model,HP,5,3544,0.1,2658.0,15948.0,2658.0,Card,Consumer,Express,3,No,3.6
ORD00861,2024-04-21,CUST1860,Customer 861,Female,19,East,West Bengal,Kolkata,Furniture,Table,P810,Table Model,HP,5,3737,0.05,2802.75,17750.75,3737.0,Card,Home Office,Standard,3,Yes,4.5
ORD00862,2024-10-21,CUST1861,Customer 862,Male,49,South,Tamil Nadu,Chennai,Furniture,Table,P423,Table Model,Dell,3,4038,0.05,3028.5,11508.3,2422.8,Cash,Consumer,Standard,1,Yes,3.5
ORD00863,2024-01-28,CUST1862,Customer 863,Male,37,East,West Bengal,Kolkata,Electronics,Phone,P960,Phone Model,Dell,3,1863,0.05,1397.25,5309.55,1117.8,Card,Home Office,Express,5,No,4.2
ORD00864,2024-12-26,CUST1863,Customer 864,Male,28,South,Tamil Nadu,Chennai,Clothing,Shoes,P525,Shoes Model,Dell,1,4802,0.05,3601.5,4561.9,960.4,Cash,Home Office,Express,2,No,4.5
ORD00865,2024-05-23,CUST1864,Customer 865,Male,42,South,Tamil Nadu,Chennai,Electronics,Laptop,P584,Laptop Model,Nike,4,995,0.0,746.25,3980.0,995.0,Card,Consumer,Standard,5,No,4.9
ORD00866,2024-10-26,CUST1865,Customer 866,Female,23,South,Tamil Nadu,Chennai,Groceries,Rice,P478,Rice Model,Dell,4,4843,0.1,3632.25,17434.8,2905.8,UPI,Consumer,Express,6,No,4.9
ORD00867,2024-02-26,CUST1866,Customer 867,Male,57,South,Tamil Nadu,Chennai,Clothing,Shoes,P704,Shoes Model,Nike,1,3105,0.15,2328.75,2639.25,310.5,UPI,Corporate,Express,2,No,5.0
ORD00868,2024-01-13,CUST1867,Customer 868,Female,46,West,Maharashtra,Mumbai,Clothing,Shirt,P543,Shirt Model,Samsung,1,2156,0.1,1617.0,1940.4,323.4,UPI,Corporate,Express,6,Yes,4.0
ORD00869,2024-01-17,CUST1868,Customer 869,Female,42,South,Tamil Nadu,Chennai,Electronics,Laptop,P497,Laptop Model,Dell,3,3318,0.05,2488.5,9456.3,1990.8,Cash,Home Office,Express,6,No,4.0
ORD00870,2024-09-19,CUST1869,Customer 870,Male,49,West,Maharashtra,Mumbai,Groceries,Milk,P388,Milk Model,Samsung,2,3036,0.1,2277.0,5464.8,910.8,UPI,Corporate,Standard,7,No,4.8
ORD00871,2024-02-28,CUST1870,Customer 871,Female,22,North,Delhi,New Delhi,Furniture,Chair,P257,Chair Model,HP,2,809,0.05,606.75,1537.1,323.6,UPI,Consumer,Standard,6,Yes,4.6
ORD00872,2024-06-23,CUST1871,Customer 872,Male,26,North,Delhi,New Delhi,Furniture,Table,P304,Table Model,Dell,3,1066,0.0,799.5,3198.0,799.5,UPI,Consumer,Standard,1,No,4.7
ORD00873,2024-04-29,CUST1872,Customer 873,Female,30,South,Tamil Nadu,Chennai,Electronics,Laptop,P825,Laptop Model,Nike,4,2824,0.05,2118.0,10731.2,2259.2,Cash,Home Office,Standard,4,No,4.6
ORD00874,2024-10-30,CUST1873,Customer 874,Male,30,North,Delhi,New Delhi,Groceries,Rice,P369,Rice Model,HP,5,251,0.0,188.25,1255.0,313.75,Cash,Home Office,Standard,6,Yes,4.6
ORD00875,2024-02-08,CUST1874,Customer 875,Female,56,South,Tamil Nadu,Chennai,Furniture,Table,P522,Table Model,Samsung,2,1530,0.15,1147.5,2601.0,306.0,UPI,Corporate,Express,7,No,4.6
ORD00876,2024-09-28,CUST1875,Customer 876,Male,49,North,Delhi,New Delhi,Clothing,Shoes,P452,Shoes Model,Dell,2,729,0.0,546.75,1458.0,364.5,Cash,Corporate,Standard,6,No,3.5
ORD00877,2024-12-11,CUST1876,Customer 877,Female,46,North,Delhi,New Delhi,Clothing,Shoes,P466,Shoes Model,Nike,5,739,0.1,554.25,3325.5,554.25,Card,Corporate,Express,7,No,4.0
ORD00878,2024-04-07,CUST1877,Customer 878,Female,38,South,Tamil Nadu,Chennai,Furniture,Chair,P915,Chair Model,Nike,3,3556,0.15,2667.0,9067.8,1066.8,Card,Corporate,Express,2,Yes,4.6
ORD00879,2024-07-16,CUST1878,Customer 879,Female,41,West,Maharashtra,Mumbai,Electronics,Laptop,P114,Laptop Model,Nike,3,3324,0.05,2493.0,9473.4,1994.4,Cash,Consumer,Standard,5,Yes,3.8
ORD00880,2024-01-09,CUST1879,Customer 880,Male,49,West,Maharashtra,Mumbai,Groceries,Rice,P501,Rice Model,HP,3,2963,0.05,2222.25,8444.55,1777.8,Card,Home Office,Express,2,Yes,4.2
ORD00881,2024-09-12,CUST1880,Customer 881,Male,22,West,Maharashtra,Mumbai,Groceries,Rice,P431,Rice Model,Nike,4,689,0.1,516.75,2480.4,413.4,Cash,Corporate,Standard,2,No,4.7
ORD00882,2024-08-01,CUST1881,Customer 882,Female,57,West,Maharashtra,Mumbai,Electronics,Phone,P224,Phone Model,HP,2,2973,0.1,2229.75,5351.4,891.9,Cash,Corporate,Express,6,No,4.7
ORD00883,2024-03-06,CUST1882,Customer 883,Female,33,East,West Bengal,Kolkata,Groceries,Rice,P314,Rice Model,Samsung,1,3862,0.1,2896.5,3475.8,579.3,Cash,Consumer,Express,6,No,4.7
ORD00884,2024-10-11,CUST1883,Customer 884,Male,33,East,West Bengal,Kolkata,Clothing,Shirt,P600,Shirt Model,Nike,2,2836,0.05,2127.0,5388.4,1134.4,UPI,Corporate,Standard,4,Yes,4.4
ORD00885,2024-02-11,CUST1884,Customer 885,Male,35,West,Maharashtra,Mumbai,Groceries,Milk,P828,Milk Model,HP,1,3882,0.15,2911.5,3299.7,388.2,Card,Consumer,Express,2,Yes,4.4
ORD00886,2024-06-16,CUST1885,Customer 886,Female,56,East,West Bengal,Kolkata,Groceries,Rice,P649,Rice Model,HP,3,2821,0.15,2115.75,7193.55,846.3,Cash,Consumer,Standard,3,Yes,4.6
ORD00887,2024-04-09,CUST1886,Customer 887,Female,31,East,West Bengal,Kolkata,Furniture,Table,P247,Table Model,Samsung,4,289,0.1,216.75,1040.4,173.4,UPI,Consumer,Express,1,No,4.2
ORD00888,2024-03-16,CUST1887,Customer 888,Male,35,West,Maharashtra,Mumbai,Groceries,Rice,P566,Rice Model,Samsung,5,3838,0.1,2878.5,17271.0,2878.5,UPI,Home Office,Express,3,Yes,4.4
ORD00889,2024-06-14,CUST1888,Customer 889,Female,27,North,Delhi,New Delhi,Electronics,Laptop,P422,Laptop Model,Nike,3,4726,0.15,3544.5,12051.3,1417.8,Cash,Consumer,Express,6,No,4.1
ORD00890,2024-06-16,CUST1889,Customer 890,Male,26,North,Delhi,New Delhi,Clothing,Shoes,P608,Shoes Model,Dell,5,4857,0.0,3642.75,24285.0,6071.25,UPI,Consumer,Standard,1,Yes,4.9
ORD00891,2024-04-30,CUST1890,Customer 891,Female,22,North,Delhi,New Delhi,Clothing,Shoes,P604,Shoes Model,Nike,3,864,0.15,648.0,2203.2,259.2,Cash,Consumer,Express,6,No,4.5
ORD00892,2024-10-07,CUST1891,Customer 892,Male,33,North,Delhi,New Delhi,Furniture,Table,P157,Table Model,Dell,2,1144,0.1,858.0,2059.2,343.2,UPI,Home Office,Standard,4,Yes,3.6
ORD00893,2024-04-29,CUST1892,Customer 893,Male,50,South,Tamil Nadu,Chennai,Furniture,Table,P883,Table Model,Samsung,3,3374,0.15,2530.5,8603.7,1012.2,Card,Consumer,Express,5,Yes,3.6
ORD00894,2024-10-28,CUST1893,Customer 894,Female,23,North,Delhi,New Delhi,Furniture,Chair,P695,Chair Model,Samsung,5,4226,0.0,3169.5,21130.0,5282.5,Cash,Consumer,Express,2,Yes,4.3
ORD00895,2024-11-17,CUST1894,Customer 895,Male,56,East,West Bengal,Kolkata,Clothing,Shoes,P362,Shoes Model,Samsung,5,3381,0.05,2535.75,16059.75,3381.0,UPI,Corporate,Express,4,Yes,4.5
ORD00896,2024-08-19,CUST1895,Customer 896,Male,42,North,Delhi,New Delhi,Groceries,Milk,P923,Milk Model,Dell,2,1714,0.0,1285.5,3428.0,857.0,Cash,Consumer,Standard,7,No,4.7
ORD00897,2024-12-11,CUST1896,Customer 897,Female,31,South,Tamil Nadu,Chennai,Clothing,Shoes,P623,Shoes Model,Dell,4,645,0.05,483.75,2451.0,516.0,Card,Consumer,Standard,7,Yes,4.8
ORD00898,2024-04-15,CUST1897,Customer 898,Female,48,West,Maharashtra,Mumbai,Groceries,Milk,P674,Milk Model,Samsung,4,3401,0.05,2550.75,12923.8,2720.8,Cash,Consumer,Standard,5,Yes,4.8
ORD00899,2024-01-16,CUST1898,Customer 899,Female,54,North,Delhi,New Delhi,Electronics,Phone,P263,Phone Model,Dell,1,2685,0.15,2013.75,2282.25,268.5,UPI,Corporate,Standard,6,Yes,5.0
ORD00900,2024-07-09,CUST1899,Customer 900,Male,37,North,Delhi,New Delhi,Clothing,Shoes,P245,Shoes Model,Samsung,1,2636,0.0,1977.0,2636.0,659.0,Card,Consumer,Standard,6,Yes,4.8
ORD00901,2024-08-31,CUST1900,Customer 901,Female,35,South,Tamil Nadu,Chennai,Electronics,Laptop,P123,Laptop Model,Nike,1,2123,0.15,1592.25,1804.55,212.3,UPI,Home Office,Standard,2,Yes,4.1
ORD00902,2024-07-12,CUST1901,Customer 902,Male,18,North,Delhi,New Delhi,Electronics,Phone,P690,Phone Model,Dell,4,4015,0.15,3011.25,13651.0,1606.0,Cash,Consumer,Express,6,No,4.6
ORD00903,2024-04-13,CUST1902,Customer 903,Male,59,East,West Bengal,Kolkata,Electronics,Phone,P145,Phone Model,Nike,2,2123,0.15,1592.25,3609.1,424.6,Cash,Home Office,Express,7,Yes,4.6
ORD00904,2024-01-25,CUST1903,Customer 904,Female,52,East,West Bengal,Kolkata,Clothing,Shirt,P267,Shirt Model,Samsung,5,3208,0.15,2406.0,13634.0,1604.0,Cash,Corporate,Standard,3,No,4.1
ORD00905,2024-10-24,CUST1904,Customer 905,Female,52,West,Maharashtra,Mumbai,Clothing,Shoes,P517,Shoes Model,Samsung,3,2595,0.05,1946.25,7395.75,1557.0,Card,Consumer,Express,2,No,4.9
ORD00906,2024-11-26,CUST1905,Customer 906,Female,52,West,Maharashtra,Mumbai,Groceries,Rice,P747,Rice Model,HP,1,3013,0.05,2259.75,2862.35,602.6,Cash,Consumer,Standard,7,No,3.6
ORD00907,2024-08-02,CUST1906,Customer 907,Male,32,North,Delhi,New Delhi,Electronics,Laptop,P800,Laptop Model,Samsung,5,233,0.1,174.75,1048.5,174.75,Card,Consumer,Express,6,No,4.3
ORD00908,2024-07-21,CUST1907,Customer 908,Female,27,West,Maharashtra,Mumbai,Furniture,Table,P954,Table Model,HP,4,1071,0.05,803.25,4069.8,856.8,Cash,Consumer,Standard,4,Yes,4.9
ORD00909,2024-12-21,CUST1908,Customer 909,Male,19,East,West Bengal,Kolkata,Furniture,Table,P116,Table Model,Dell,3,1914,0.0,1435.5,5742.0,1435.5,Card,Consumer,Standard,2,Yes,3.6
ORD00910,2024-08-19,CUST1909,Customer 910,Female,42,North,Delhi,New Delhi,Groceries,Milk,P483,Milk Model,HP,4,286,0.1,214.5,1029.6,171.6,Card,Corporate,Express,6,Yes,4.5
ORD00911,2024-01-17,CUST1910,Customer 911,Female,52,West,Maharashtra,Mumbai,Clothing,Shoes,P888,Shoes Model,Dell,1,2295,0.15,1721.25,1950.75,229.5,Card,Home Office,Express,6,No,5.0
ORD00912,2024-07-13,CUST1911,Customer 912,Male,33,North,Delhi,New Delhi,Groceries,Rice,P841,Rice Model,Dell,4,2265,0.0,1698.75,9060.0,2265.0,Card,Corporate,Express,2,No,3.6
ORD00913,2024-06-07,CUST1912,Customer 913,Male,50,West,Maharashtra,Mumbai,Furniture,Table,P555,Table Model,Dell,1,284,0.05,213.0,269.8,56.8,Cash,Consumer,Express,3,No,4.7
ORD00914,2024-10-01,CUST1913,Customer 914,Female,36,North,Delhi,New Delhi,Clothing,Shirt,P974,Shirt Model,HP,5,4223,0.05,3167.25,20059.25,4223.0,UPI,Corporate,Express,4,Yes,4.5
ORD00915,2024-02-09,CUST1914,Customer 915,Male,42,South,Tamil Nadu,Chennai,Groceries,Milk,P144,Milk Model,Samsung,2,246,0.15,184.5,418.2,49.2,UPI,Consumer,Express,7,No,3.8
ORD00916,2024-08-15,CUST1915,Customer 916,Female,49,North,Delhi,New Delhi,Electronics,Laptop,P475,Laptop Model,Nike,2,1281,0.0,960.75,2562.0,640.5,UPI,Home Office,Express,6,Yes,4.1
ORD00917,2024-01-18,CUST1916,Customer 917,Female,60,East,West Bengal,Kolkata,Groceries,Milk,P466,Milk Model,Nike,1,733,0.0,549.75,733.0,183.25,Card,Home Office,Standard,2,Yes,3.5
ORD00918,2024-02-14,CUST1917,Customer 918,Female,22,South,Tamil Nadu,Chennai,Furniture,Table,P908,Table Model,HP,5,3258,0.1,2443.5,14661.0,2443.5,Cash,Corporate,Standard,5,Yes,3.8
ORD00919,2024-03-16,CUST1918,Customer 919,Male,25,East,West Bengal,Kolkata,Furniture,Table,P637,Table Model,Samsung,1,3246,0.0,2434.5,3246.0,811.5,Cash,Home Office,Standard,3,Yes,4.0
ORD00920,2024-05-04,CUST1919,Customer 920,Male,24,West,Maharashtra,Mumbai,Furniture,Chair,P276,Chair Model,Nike,4,4118,0.15,3088.5,14001.2,1647.2,Cash,Home Office,Standard,2,Yes,4.8
ORD00921,2024-03-15,CUST1920,Customer 921,Female,58,North,Delhi,New Delhi,Groceries,Rice,P470,Rice Model,HP,5,1549,0.05,1161.75,7357.75,1549.0,Card,Corporate,Standard,7,No,3.6
ORD00922,2024-06-13,CUST1921,Customer 922,Male,26,West,Maharashtra,Mumbai,Electronics,Laptop,P590,Laptop Model,Nike,3,3401,0.15,2550.75,8672.55,1020.3,Cash,Home Office,Standard,2,No,4.2
ORD00923,2024-02-08,CUST1922,Customer 923,Male,59,West,Maharashtra,Mumbai,Electronics,Phone,P140,Phone Model,Samsung,1,4801,0.0,3600.75,4801.0,1200.25,Card,Corporate,Express,4,No,4.0
ORD00924,2024-10-01,CUST1923,Customer 924,Male,48,East,West Bengal,Kolkata,Clothing,Shoes,P445,Shoes Model,Dell,5,4195,0.15,3146.25,17828.75,2097.5,Cash,Corporate,Express,5,Yes,3.9
ORD00925,2024-05-17,CUST1924,Customer 925,Male,40,East,West Bengal,Kolkata,Clothing,Shirt,P413,Shirt Model,HP,3,2855,0.05,2141.25,8136.75,1713.0,Card,Home Office,Express,3,No,4.4
ORD00926,2024-12-08,CUST1925,Customer 926,Male,47,South,Tamil Nadu,Chennai,Furniture,Table,P695,Table Model,HP,2,3161,0.1,2370.75,5689.8,948.3,UPI,Home Office,Express,6,Yes,3.8
ORD00927,2024-11-20,CUST1926,Customer 927,Female,35,East,West Bengal,Kolkata,Furniture,Table,P681,Table Model,Nike,3,2212,0.15,1659.0,5640.6,663.6,Cash,Corporate,Standard,3,Yes,3.9
ORD00928,2024-07-11,CUST1927,Customer 928,Female,53,West,Maharashtra,Mumbai,Electronics,Laptop,P697,Laptop Model,Samsung,2,2287,0.15,1715.25,3887.9,457.4,Cash,Home Office,Express,2,No,3.6
ORD00929,2024-08-06,CUST1928,Customer 929,Male,26,West,Maharashtra,Mumbai,Electronics,Phone,P285,Phone Model,Dell,4,3369,0.1,2526.75,12128.4,2021.4,Card,Consumer,Standard,7,Yes,3.9
ORD00930,2024-10-07,CUST1929,Customer 930,Male,18,East,West Bengal,Kolkata,Furniture,Chair,P214,Chair Model,Samsung,4,1878,0.0,1408.5,7512.0,1878.0,Cash,Home Office,Express,3,No,3.9
ORD00931,2024-04-22,CUST1930,Customer 931,Male,28,East,West Bengal,Kolkata,Clothing,Shirt,P925,Shirt Model,Nike,2,388,0.1,291.0,698.4,116.4,UPI,Home Office,Standard,2,Yes,4.4
ORD00932,2024-11-10,CUST1931,Customer 932,Male,33,East,West Bengal,Kolkata,Groceries,Rice,P570,Rice Model,HP,1,2216,0.15,1662.0,1883.6,221.6,UPI,Consumer,Express,1,Yes,3.9
ORD00933,2024-06-06,CUST1932,Customer 933,Male,44,West,Maharashtra,Mumbai,Groceries,Milk,P829,Milk Model,Nike,2,2102,0.0,1576.5,4204.0,1051.0,Card,Consumer,Express,7,No,3.5
ORD00934,2024-05-19,CUST1933,Customer 934,Male,49,South,Tamil Nadu,Chennai,Groceries,Milk,P619,Milk Model,Nike,5,3004,0.1,2253.0,13518.0,2253.0,Card,Home Office,Standard,3,Yes,4.6
ORD00935,2024-11-03,CUST1934,Customer 935,Female,43,West,Maharashtra,Mumbai,Furniture,Table,P380,Table Model,HP,2,1985,0.1,1488.75,3573.0,595.5,Cash,Corporate,Standard,4,No,4.9
ORD00936,2024-12-17,CUST1935,Customer 936,Female,42,South,Tamil Nadu,Chennai,Electronics,Phone,P120,Phone Model,Nike,1,3385,0.1,2538.75,3046.5,507.75,Card,Home Office,Express,4,Yes,4.2
ORD00937,2024-06-27,CUST1936,Customer 937,Male,32,South,Tamil Nadu,Chennai,Clothing,Shoes,P974,Shoes Model,HP,3,4120,0.05,3090.0,11742.0,2472.0,UPI,Corporate,Express,1,Yes,3.6
ORD00938,2024-03-22,CUST1937,Customer 938,Female,27,North,Delhi,New Delhi,Electronics,Phone,P400,Phone Model,HP,1,4502,0.1,3376.5,4051.8,675.3,Card,Corporate,Standard,2,No,4.0
ORD00939,2024-09-23,CUST1938,Customer 939,Female,53,North,Delhi,New Delhi,Furniture,Chair,P581,Chair Model,Nike,5,627,0.05,470.25,2978.25,627.0,UPI,Consumer,Standard,7,Yes,4.4
ORD00940,2024-02-09,CUST1939,Customer 940,Female,53,North,Delhi,New Delhi,Electronics,Phone,P879,Phone Model,Samsung,2,4574,0.0,3430.5,9148.0,2287.0,Cash,Consumer,Standard,5,Yes,3.9
ORD00941,2024-01-05,CUST1940,Customer 941,Female,26,East,West Bengal,Kolkata,Furniture,Table,P271,Table Model,Dell,5,369,0.0,276.75,1845.0,461.25,Card,Consumer,Standard,2,No,4.4
ORD00942,2024-05-22,CUST1941,Customer 942,Male,58,West,Maharashtra,Mumbai,Furniture,Table,P720,Table Model,Dell,2,1100,0.05,825.0,2090.0,440.0,UPI,Corporate,Standard,1,No,4.2
ORD00943,2024-09-07,CUST1942,Customer 943,Female,51,West,Maharashtra,Mumbai,Groceries,Milk,P517,Milk Model,HP,5,3099,0.15,2324.25,13170.75,1549.5,Cash,Corporate,Standard,7,Yes,3.8
ORD00944,2024-11-03,CUST1943,Customer 944,Female,37,East,West Bengal,Kolkata,Clothing,Shirt,P482,Shirt Model,Dell,5,3578,0.15,2683.5,15206.5,1789.0,Card,Corporate,Standard,7,Yes,3.8
ORD00945,2024-11-22,CUST1944,Customer 945,Male,19,South,Tamil Nadu,Chennai,Groceries,Rice,P332,Rice Model,Nike,3,3446,0.05,2584.5,9821.1,2067.6,Card,Corporate,Express,4,No,4.1
ORD00946,2024-04-14,CUST1945,Customer 946,Male,36,West,Maharashtra,Mumbai,Furniture,Table,P483,Table Model,Dell,1,2210,0.05,1657.5,2099.5,442.0,Card,Corporate,Express,6,No,3.6
ORD00947,2024-05-30,CUST1946,Customer 947,Female,30,East,West Bengal,Kolkata,Groceries,Rice,P417,Rice Model,HP,4,755,0.1,566.25,2718.0,453.0,UPI,Consumer,Standard,6,No,3.6
ORD00948,2024-09-17,CUST1947,Customer 948,Female,40,South,Tamil Nadu,Chennai,Clothing,Shirt,P736,Shirt Model,Samsung,4,3504,0.1,2628.0,12614.4,2102.4,Card,Corporate,Standard,7,Yes,4.8
ORD00949,2024-09-06,CUST1948,Customer 949,Female,58,West,Maharashtra,Mumbai,Electronics,Laptop,P373,Laptop Model,HP,2,3295,0.1,2471.25,5931.0,988.5,UPI,Consumer,Standard,5,No,3.9
ORD00950,2024-04-22,CUST1949,Customer 950,Female,54,North,Delhi,New Delhi,Electronics,Phone,P298,Phone Model,Nike,1,1289,0.05,966.75,1224.55,257.8,UPI,Corporate,Express,2,Yes,5.0
ORD00951,2024-03-24,CUST1950,Customer 951,Male,49,North,Delhi,New Delhi,Clothing,Shoes,P216,Shoes Model,Dell,1,1994,0.15,1495.5,1694.9,199.4,Cash,Corporate,Express,5,No,4.8
ORD00952,2024-05-12,CUST1951,Customer 952,Male,32,East,West Bengal,Kolkata,Clothing,Shirt,P934,Shirt Model,Dell,5,4460,0.1,3345.0,20070.0,3345.0,Card,Corporate,Express,3,No,4.2
ORD00953,2024-07-26,CUST1952,Customer 953,Male,33,North,Delhi,New Delhi,Clothing,Shoes,P575,Shoes Model,HP,1,1412,0.05,1059.0,1341.4,282.4,UPI,Home Office,Express,4,No,4.1
ORD00954,2024-06-18,CUST1953,Customer 954,Female,21,East,West Bengal,Kolkata,Electronics,Laptop,P546,Laptop Model,Nike,2,4141,0.0,3105.75,8282.0,2070.5,Card,Consumer,Express,4,Yes,4.0
ORD00955,2024-07-08,CUST1954,Customer 955,Male,43,North,Delhi,New Delhi,Clothing,Shirt,P540,Shirt Model,HP,4,4229,0.15,3171.75,14378.6,1691.6,Card,Consumer,Standard,3,Yes,4.4
ORD00956,2024-10-30,CUST1955,Customer 956,Male,52,West,Maharashtra,Mumbai,Electronics,Laptop,P538,Laptop Model,Nike,1,874,0.0,655.5,874.0,218.5,UPI,Home Office,Standard,1,Yes,4.2
ORD00957,2024-01-17,CUST1956,Customer 957,Male,28,South,Tamil Nadu,Chennai,Clothing,Shoes,P417,Shoes Model,Samsung,3,4885,0.0,3663.75,14655.0,3663.75,UPI,Consumer,Standard,1,Yes,4.7
ORD00958,2024-04-08,CUST1957,Customer 958,Male,57,South,Tamil Nadu,Chennai,Groceries,Milk,P391,Milk Model,HP,1,2389,0.1,1791.75,2150.1,358.35,UPI,Corporate,Express,2,Yes,4.2
ORD00959,2024-04-24,CUST1958,Customer 959,Female,40,East,West Bengal,Kolkata,Electronics,Phone,P621,Phone Model,Samsung,3,1533,0.15,1149.75,3909.15,459.9,Card,Home Office,Express,4,Yes,4.7
ORD00960,2024-06-07,CUST1959,Customer 960,Male,23,East,West Bengal,Kolkata,Furniture,Chair,P160,Chair Model,Dell,4,1418,0.05,1063.5,5388.4,1134.4,UPI,Consumer,Express,2,Yes,4.6
ORD00961,2024-05-24,CUST1960,Customer 961,Male,59,East,West Bengal,Kolkata,Clothing,Shirt,P784,Shirt Model,Samsung,4,3766,0.15,2824.5,12804.4,1506.4,Cash,Consumer,Express,6,Yes,4.0
ORD00962,2024-07-19,CUST1961,Customer 962,Female,29,South,Tamil Nadu,Chennai,Clothing,Shirt,P932,Shirt Model,Nike,1,457,0.1,342.75,411.3,68.55,Card,Home Office,Express,7,No,4.2
ORD00963,2024-06-16,CUST1962,Customer 963,Female,23,West,Maharashtra,Mumbai,Clothing,Shirt,P598,Shirt Model,Samsung,1,1544,0.1,1158.0,1389.6,231.6,UPI,Consumer,Standard,2,No,4.9
ORD00964,2024-04-13,CUST1963,Customer 964,Female,39,South,Tamil Nadu,Chennai,Groceries,Rice,P102,Rice Model,Dell,1,3155,0.1,2366.25,2839.5,473.25,Card,Home Office,Standard,2,Yes,4.0
ORD00965,2024-12-03,CUST1964,Customer 965,Female,52,East,West Bengal,Kolkata,Groceries,Rice,P873,Rice Model,Nike,4,522,0.15,391.5,1774.8,208.8,UPI,Corporate,Express,1,No,4.4
ORD00966,2024-02-02,CUST1965,Customer 966,Female,55,West,Maharashtra,Mumbai,Groceries,Milk,P328,Milk Model,Nike,5,4884,0.05,3663.0,23199.0,4884.0,Card,Corporate,Standard,7,Yes,4.5
ORD00967,2024-10-23,CUST1966,Customer 967,Male,32,East,West Bengal,Kolkata,Groceries,Milk,P941,Milk Model,Nike,1,4547,0.05,3410.25,4319.65,909.4,UPI,Corporate,Standard,4,Yes,4.9
ORD00968,2024-05-20,CUST1967,Customer 968,Male,52,West,Maharashtra,Mumbai,Electronics,Phone,P777,Phone Model,Samsung,5,619,0.15,464.25,2630.75,309.5,UPI,Consumer,Express,5,No,3.8
ORD00969,2024-12-01,CUST1968,Customer 969,Female,19,South,Tamil Nadu,Chennai,Electronics,Phone,P201,Phone Model,HP,1,2893,0.05,2169.75,2748.35,578.6,Cash,Home Office,Express,2,No,4.5
ORD00970,2024-07-31,CUST1969,Customer 970,Female,37,South,Tamil Nadu,Chennai,Groceries,Rice,P655,Rice Model,Dell,2,3160,0.0,2370.0,6320.0,1580.0,UPI,Consumer,Standard,7,Yes,4.9
ORD00971,2024-02-03,CUST1970,Customer 971,Female,50,East,West Bengal,Kolkata,Furniture,Chair,P225,Chair Model,Nike,4,2965,0.0,2223.75,11860.0,2965.0,Cash,Home Office,Express,7,Yes,4.0
ORD00972,2024-02-17,CUST1971,Customer 972,Male,57,East,West Bengal,Kolkata,Furniture,Table,P923,Table Model,Dell,2,4667,0.1,3500.25,8400.6,1400.1,UPI,Consumer,Standard,3,Yes,4.3
ORD00973,2024-12-19,CUST1972,Customer 973,Female,24,South,Tamil Nadu,Chennai,Groceries,Milk,P926,Milk Model,Nike,1,2986,0.15,2239.5,2538.1,298.6,UPI,Consumer,Standard,5,No,4.7
ORD00974,2024-12-23,CUST1973,Customer 974,Female,59,North,Delhi,New Delhi,Furniture,Table,P477,Table Model,HP,5,3950,0.15,2962.5,16787.5,1975.0,UPI,Consumer,Express,2,Yes,4.4
ORD00975,2024-01-09,CUST1974,Customer 975,Male,26,East,West Bengal,Kolkata,Clothing,Shoes,P963,Shoes Model,Dell,1,2781,0.15,2085.75,2363.85,278.1,Cash,Home Office,Standard,5,Yes,4.2
ORD00976,2024-10-10,CUST1975,Customer 976,Female,36,East,West Bengal,Kolkata,Electronics,Laptop,P139,Laptop Model,Dell,3,2215,0.1,1661.25,5980.5,996.75,UPI,Corporate,Standard,6,No,4.7
ORD00977,2024-03-19,CUST1976,Customer 977,Male,49,East,West Bengal,Kolkata,Clothing,Shoes,P415,Shoes Model,Samsung,1,4549,0.1,3411.75,4094.1,682.35,Card,Consumer,Standard,3,No,3.8
ORD00978,2024-02-17,CUST1977,Customer 978,Female,38,South,Tamil Nadu,Chennai,Electronics,Phone,P226,Phone Model,HP,1,979,0.1,734.25,881.1,146.85,Cash,Consumer,Standard,2,Yes,3.9
ORD00979,2024-10-08,CUST1978,Customer 979,Female,44,North,Delhi,New Delhi,Clothing,Shoes,P195,Shoes Model,Samsung,1,3506,0.0,2629.5,3506.0,876.5,Card,Home Office,Standard,2,Yes,3.6
ORD00980,2024-10-28,CUST1979,Customer 980,Female,52,North,Delhi,New Delhi,Electronics,Phone,P209,Phone Model,Samsung,1,4043,0.1,3032.25,3638.7,606.45,UPI,Home Office,Standard,1,No,3.8
ORD00981,2024-11-28,CUST1980,Customer 981,Male,44,North,Delhi,New Delhi,Electronics,Phone,P105,Phone Model,Samsung,2,1237,0.05,927.75,2350.3,494.8,Cash,Home Office,Standard,4,Yes,3.6
ORD00982,2024-04-18,CUST1981,Customer 982,Female,55,West,Maharashtra,Mumbai,Furniture,Table,P394,Table Model,Samsung,3,1315,0.15,986.25,3353.25,394.5,UPI,Home Office,Standard,6,No,3.9
ORD00983,2024-11-05,CUST1982,Customer 983,Male,54,West,Maharashtra,Mumbai,Electronics,Laptop,P288,Laptop Model,Dell,4,1766,0.1,1324.5,6357.6,1059.6,Cash,Consumer,Standard,6,Yes,3.8
ORD00984,2024-05-07,CUST1983,Customer 984,Male,54,North,Delhi,New Delhi,Electronics,Phone,P102,Phone Model,HP,2,1986,0.1,1489.5,3574.8,595.8,Cash,Consumer,Standard,4,Yes,4.0
ORD00985,2024-08-16,CUST1984,Customer 985,Female,60,South,Tamil Nadu,Chennai,Furniture,Chair,P631,Chair Model,Samsung,3,2863,0.15,2147.25,7300.65,858.9,Card,Home Office,Standard,7,Yes,3.8
ORD00986,2024-06-29,CUST1985,Customer 986,Male,34,South,Tamil Nadu,Chennai,Furniture,Table,P103,Table Model,Nike,4,2443,0.15,1832.25,8306.2,977.2,Card,Consumer,Standard,7,Yes,4.6
ORD00987,2024-09-25,CUST1986,Customer 987,Female,35,East,West Bengal,Kolkata,Furniture,Table,P281,Table Model,Nike,1,2552,0.05,1914.0,2424.4,510.4,UPI,Corporate,Standard,5,No,4.0
ORD00988,2024-11-25,CUST1987,Customer 988,Female,28,South,Tamil Nadu,Chennai,Groceries,Rice,P591,Rice Model,HP,3,4106,0.15,3079.5,10470.3,1231.8,Card,Consumer,Standard,7,Yes,4.5
ORD00989,2024-07-15,CUST1988,Customer 989,Male,35,South,Tamil Nadu,Chennai,Furniture,Chair,P982,Chair Model,Samsung,3,3237,0.1,2427.75,8739.9,1456.65,Cash,Corporate,Standard,1,Yes,3.9
ORD00990,2024-05-24,CUST1989,Customer 990,Male,19,East,West Bengal,Kolkata,Furniture,Chair,P435,Chair Model,Nike,4,4528,0.0,3396.0,18112.0,4528.0,Cash,Corporate,Standard,4,Yes,3.8
ORD00991,2024-06-05,CUST1990,Customer 991,Female,24,West,Maharashtra,Mumbai,Clothing,Shoes,P489,Shoes Model,Nike,5,1834,0.15,1375.5,7794.5,917.0,Cash,Consumer,Standard,3,Yes,4.8
ORD00992,2024-07-01,CUST1991,Customer 992,Male,22,West,Maharashtra,Mumbai,Furniture,Table,P205,Table Model,HP,4,2064,0.15,1548.0,7017.6,825.6,UPI,Corporate,Standard,2,No,4.1
ORD00993,2024-02-07,CUST1992,Customer 993,Female,24,North,Delhi,New Delhi,Groceries,Rice,P137,Rice Model,Samsung,2,1957,0.05,1467.75,3718.3,782.8,UPI,Home Office,Express,1,No,4.5
ORD00994,2024-08-18,CUST1993,Customer 994,Female,56,South,Tamil Nadu,Chennai,Electronics,Phone,P649,Phone Model,HP,2,1173,0.0,879.75,2346.0,586.5,UPI,Corporate,Express,5,Yes,4.5
ORD00995,2024-12-22,CUST1994,Customer 995,Male,50,North,Delhi,New Delhi,Groceries,Rice,P696,Rice Model,HP,4,2909,0.0,2181.75,11636.0,2909.0,Cash,Corporate,Standard,4,No,4.9
ORD00996,2024-08-19,CUST1995,Customer 996,Male,29,South,Tamil Nadu,Chennai,Electronics,Laptop,P942,Laptop Model,HP,5,374,0.1,280.5,1683.0,280.5,UPI,Home Office,Standard,6,Yes,3.8
ORD00997,2024-04-17,CUST1996,Customer 997,Male,57,South,Tamil Nadu,Chennai,Furniture,Table,P237,Table Model,Dell,4,701,0.15,525.75,2383.4,280.4,UPI,Home Office,Standard,3,No,4.8
ORD00998,2024-08-09,CUST1997,Customer 998,Male,41,South,Tamil Nadu,Chennai,Electronics,Laptop,P135,Laptop Model,HP,4,3297,0.0,2472.75,13188.0,3297.0,Cash,Corporate,Standard,1,Yes,3.8
ORD00999,2024-03-19,CUST1998,Customer 999,Female,46,West,Maharashtra,Mumbai,Electronics,Phone,P261,Phone Model,HP,2,1561,0.1,1170.75,2809.8,468.3,Card,Corporate,Standard,5,No,3.9
ORD01000,2024-05-13,CUST1999,Customer 1000,Female,23,South,Tamil Nadu,Chennai,Electronics,Laptop,P995,Laptop Model,Dell,4,2621,0.15,1965.75,8911.4,1048.4,Cash,Consumer,Standard,2,Yes,4.3
